case_id,seed,model,mask_type,lesion_group,spacing_x_mm,spacing_y_mm,spacing_z_mm,voxel_volume_ml,subtype_correct_foreground_voxels,wrong_subtype_foreground_voxels,wrong_subtype_fraction_of_hard_binary_tp,dice,hd95_mm,hd95_defined,complete_miss,tp_voxels,fp_voxels,fn_voxels,fp_volume_ml,fn_volume_ml,precision,recall,pred_volume_ml,gt_volume_ml
case_011,3407,E0,hard_union,medium_1to10ml,0.4882810115814209,0.4882810115814209,5.228458404541016,0.0012465604645550948,587,0,0.0,0.37797810688989053,109.80222976842619,True,False,587,372,1560,0.46372049281449523,1.9446343247059479,0.6120959332638165,0.2734047508150908,1.1954514855083358,2.6763653173997883
case_011,3407,E0,soft_union_p0p5,medium_1to10ml,0.4882810115814209,0.4882810115814209,5.228458404541016,0.0012465604645550948,587,0,0.0,0.3779274943856272,109.91926674355634,True,False,589,381,1558,0.47493953699549113,1.9421412037768377,0.6072164948453608,0.2743362831858407,1.209163650618442,2.6763653173997883
case_011,3407,E2,hard_union,medium_1to10ml,0.4882810115814209,0.4882810115814209,5.228458404541016,0.0012465604645550948,226,390,0.6331168831168831,0.4009111617312073,79.5127047542407,True,False,616,310,1531,0.38643374401207936,1.90848407123385,0.6652267818574514,0.28691197019096415,1.1543149901780179,2.6763653173997883
case_011,3407,E2,soft_union_p0p5,medium_1to10ml,0.4882810115814209,0.4882810115814209,5.228458404541016,0.0012465604645550948,226,390,0.6331168831168831,0.41214470284237725,79.49043884306391,True,False,638,311,1509,0.3876803044766345,1.881059741013638,0.672286617492097,0.29715882626921286,1.1829858808627849,2.6763653173997883
case_017,3407,E0,hard_union,large_ge10ml,0.4882810115814209,0.4882810115814209,5.243000030517578,0.001250027396774676,3743,327,0.08034398034398034,0.3113286927254647,51.82149604987358,True,False,4070,7886,10120,9.857716050965095,12.65027725535972,0.3404148544663767,0.2868217054263566,14.945327555838025,17.737888760232654
case_017,3407,E0,soft_union_p0p5,large_ge10ml,0.4882810115814209,0.4882810115814209,5.243000030517578,0.001250027396774676,3743,327,0.08034398034398034,0.31509347925216596,51.85645000033319,True,False,4146,7980,10044,9.975218626261913,12.555275173204846,0.3419099455714993,0.2921775898520085,15.157832213289721,17.737888760232654
case_017,3407,E2,hard_union,large_ge10ml,0.4882810115814209,0.4882810115814209,5.243000030517578,0.001250027396774676,1923,479,0.1994171523730225,0.21444513882689045,30.358751587336197,True,False,2402,5810,11788,7.262659175260867,14.73532295317988,0.292498782269849,0.16927413671599717,10.265224982313638,17.737888760232654
case_017,3407,E2,soft_union_p0p5,large_ge10ml,0.4882810115814209,0.4882810115814209,5.243000030517578,0.001250027396774676,1923,479,0.1994171523730225,0.21402377060045066,30.194957927469623,True,False,2422,6021,11768,7.526414955980324,14.710322405244387,0.28686485846263177,0.17068357998590555,10.55398131096859,17.737888760232654
case_018,3407,E0,hard_union,large_ge10ml,0.4882810115814209,0.4882810115814209,5.176000595092773,0.001234053502179605,25452,39,0.0015299517476756502,0.7961210531247072,15.535676933750834,True,False,25491,5896,7160,7.275979448850951,8.83582307560597,0.8121515277025521,0.7807111573918104,38.73323727291126,40.29308089966628
case_018,3407,E0,soft_union_p0p5,large_ge10ml,0.4882810115814209,0.4882810115814209,5.176000595092773,0.001234053502179605,25452,39,0.0015299517476756502,0.7960967993754879,15.535676933750834,True,False,25495,5904,7156,7.285851876868388,8.830886861597254,0.8119685340297462,0.780833665125111,38.748045914937414,40.29308089966628
case_018,3407,E2,hard_union,large_ge10ml,0.4882810115814209,0.4882810115814209,5.176000595092773,0.001234053502179605,21444,580,0.026334907373774065,0.7300450808804031,21.448148664223844,True,False,22024,5661,10627,6.985976875838744,13.114286567662662,0.7955210402745169,0.6745275795534593,34.164771207842364,40.29308089966628
case_018,3407,E2,soft_union_p0p5,large_ge10ml,0.4882810115814209,0.4882810115814209,5.176000595092773,0.001234053502179605,21444,580,0.026334907373774065,0.7347686216283098,21.453307085212977,True,False,22269,5695,10382,7.02793469491285,12.811943459628658,0.7963453011014161,0.682031178218125,34.50907213495047,40.29308089966628
case_028,3407,E0,hard_union,large_ge10ml,0.408203125,0.408203125,5.0,0.0008331489562988281,61665,33620,0.3528362281576324,0.8015967157122547,5.0,True,False,95285,19649,27519,16.370543842315673,22.927426128387452,0.8290410148433014,0.7759112081039705,95.75714214324951,102.3140244293213
case_028,3407,E0,soft_union_p0p5,large_ge10ml,0.408203125,0.408203125,5.0,0.0008331489562988281,61665,33620,0.3528362281576324,0.8033472100987041,5.0,True,False,95714,19770,27090,16.47135486602783,22.570005226135255,0.8288074538464203,0.7794045796553858,96.21537406921387,102.3140244293213
case_028,3407,E2,hard_union,large_ge10ml,0.408203125,0.408203125,5.0,0.0008331489562988281,63756,22376,0.259787303209028,0.768997950993478,5.016635305786116,True,False,86132,15075,36672,12.559720516204834,30.553238525390626,0.8510478524212752,0.7013778052832156,84.3205064201355,102.3140244293213
case_028,3407,E2,soft_union_p0p5,large_ge10ml,0.408203125,0.408203125,5.0,0.0008331489562988281,63756,22376,0.259787303209028,0.7709968873709194,5.0,True,False,86571,15194,36233,12.658865242004394,30.18748613357544,0.8506952292045399,0.7049526074069249,84.78540353775024,102.3140244293213
case_034,3407,E0,hard_union,medium_1to10ml,0.4375,0.4375,5.0,0.00095703125,1284,0,0.0,0.6970684039087948,36.02513860367391,True,False,1284,420,696,0.40195312499999997,0.66609375,0.7535211267605634,0.6484848484848484,1.63078125,1.8949218749999999
case_034,3407,E0,soft_union_p0p5,medium_1to10ml,0.4375,0.4375,5.0,0.00095703125,1284,0,0.0,0.6966901790558871,36.02062414022802,True,False,1284,422,696,0.4038671875,0.66609375,0.7526377491207503,0.6484848484848484,1.6326953124999999,1.8949218749999999
case_034,3407,E2,hard_union,medium_1to10ml,0.4375,0.4375,5.0,0.00095703125,1208,0,0.0,0.6293305548319875,92.8166211505155,True,False,1208,651,772,0.62302734375,0.738828125,0.6498117267348037,0.6101010101010101,1.77912109375,1.8949218749999999
case_034,3407,E2,soft_union_p0p5,medium_1to10ml,0.4375,0.4375,5.0,0.00095703125,1208,0,0.0,0.6324254215304799,92.8106628553928,True,False,1219,656,761,0.6278125,0.72830078125,0.6501333333333333,0.6156565656565657,1.79443359375,1.8949218749999999
case_041,3407,E0,hard_union,small_lt1ml,0.49486300349235535,0.49486300349235535,5.0,0.0012244469611273744,494,0,0.0,0.08200531208499336,113.55400612503105,True,False,494,10927,133,13.37953194423882,0.1628514458299408,0.04325365554679975,0.7878787878787878,13.984408743035743,0.7677282446268637
case_041,3407,E0,soft_union_p0p5,small_lt1ml,0.49486300349235535,0.49486300349235535,5.0,0.0012244469611273744,494,0,0.0,0.08176100628930817,113.54334878061489,True,False,494,10963,133,13.423612034839406,0.1628514458299408,0.04311774461028192,0.7878787878787878,14.02848883363633,0.7677282446268637
case_041,3407,E2,hard_union,small_lt1ml,0.49486300349235535,0.49486300349235535,5.0,0.0012244469611273744,521,0,0.0,0.07071118349619979,115.01025764848295,True,False,521,13588,106,16.637785307798765,0.12979137787950168,0.03692678432206393,0.8309409888357256,17.275722174546125,0.7677282446268637
case_041,3407,E2,soft_union_p0p5,small_lt1ml,0.49486300349235535,0.49486300349235535,5.0,0.0012244469611273744,521,0,0.0,0.07067281606077049,115.01599570910548,True,False,521,13596,106,16.647580883487784,0.12979137787950168,0.03690585818516682,0.8309409888357256,17.285517750235144,0.7677282446268637
case_048,3407,E0,hard_union,large_ge10ml,0.4882810115814209,0.4882810115814209,5.392677307128906,0.0012857132055386917,30072,1747,0.05490430246079386,0.6666247656159978,20.733118641929707,True,False,31819,27210,4615,34.9842563227078,5.933566443561062,0.5390401328160734,0.8733326014162596,75.89436480974344,46.84367493059669
case_048,3407,E0,soft_union_p0p5,large_ge10ml,0.4882810115814209,0.4882810115814209,5.392677307128906,0.0012857132055386917,30072,1747,0.05490430246079386,0.6665829592658861,20.733118641929707,True,False,31853,27284,4581,35.079399099917666,5.889852194572747,0.538630637333649,0.8742657956853489,76.03322183594162,46.84367493059669
case_048,3407,E2,hard_union,large_ge10ml,0.4882810115814209,0.4882810115814209,5.392677307128906,0.0012857132055386917,28627,2772,0.08828306633969235,0.780991941100388,15.761415074225045,True,False,31399,12575,5035,16.167843559649047,6.473565989887312,0.7140355664710966,0.8618049075039798,56.53795250035843,46.84367493059669
case_048,3407,E2,soft_union_p0p5,large_ge10ml,0.4882810115814209,0.4882810115814209,5.392677307128906,0.0012857132055386917,28627,2772,0.08828306633969235,0.7828407581644179,15.761646134794207,True,False,31534,12595,4900,16.19355782375982,6.299994707139589,0.7145867796686985,0.8655102376900697,56.73723804721693,46.84367493059669
case_052,3407,E0,hard_union,large_ge10ml,0.48828125,0.48828125,5.0,0.0011920928955078125,55090,3871,0.06565356761248961,0.9182812110640418,2.0716018980074633,True,False,58961,5373,5121,6.405115127563477,6.104707717895508,0.9164827307489042,0.9200867638338379,76.69210433959961,76.39169692993164
case_052,3407,E0,soft_union_p0p5,large_ge10ml,0.48828125,0.48828125,5.0,0.0011920928955078125,55090,3871,0.06565356761248961,0.9184700984397495,2.0716018980074633,True,False,59014,5409,5068,6.448030471801758,6.041526794433594,0.9160393027334958,0.9209138291563934,76.7982006072998,76.39169692993164
case_052,3407,E2,hard_union,large_ge10ml,0.48828125,0.48828125,5.0,0.0011920928955078125,56015,2183,0.03750988006460703,0.9112160141540823,2.6294750034836447,True,False,58198,5457,5884,6.505250930786133,7.014274597167969,0.9142722488414108,0.9081801441902563,75.8826732635498,76.39169692993164
case_052,3407,E2,soft_union_p0p5,large_ge10ml,0.48828125,0.48828125,5.0,0.0011920928955078125,56015,2183,0.03750988006460703,0.9117550471484198,2.6294750034836447,True,False,58304,5508,5778,6.566047668457031,6.887912750244141,0.9136839465931172,0.9098342748353672,76.06983184814453,76.39169692993164
case_053,3407,E0,hard_union,large_ge10ml,0.431640625,0.431640625,5.16455078125,0.0009622261989861729,11890,2708,0.18550486367995617,0.7837221163396236,11.786634098075616,True,False,14598,2472,5585,2.378623163893819,5.374033321337776,0.8551845342706502,0.7232819699747313,16.42520121669397,19.420611374137927
case_053,3407,E0,soft_union_p0p5,large_ge10ml,0.431640625,0.431640625,5.16455078125,0.0009622261989861729,11890,2708,0.18550486367995617,0.7859857609335689,11.766420507131027,True,False,14683,2496,5500,2.4017165926694877,5.292244094423951,0.8547063274928692,0.7274934350691176,16.530083872383464,19.420611374137927
case_053,3407,E2,hard_union,large_ge10ml,0.431640625,0.431640625,5.16455078125,0.0009622261989861729,12273,3254,0.20957042571005347,0.7968080465963616,13.188993866543838,True,False,15527,3263,4656,3.139744087291882,4.480125182479621,0.8263437998935604,0.7693108061239657,18.08023027895019,19.420611374137927
case_053,3407,E2,soft_union_p0p5,large_ge10ml,0.431640625,0.431640625,5.16455078125,0.0009622261989861729,12273,3254,0.20957042571005347,0.7973759065166697,13.194642933291616,True,False,15558,3282,4625,3.158026385072619,4.4502961703110495,0.825796178343949,0.7708467522172125,18.128341588899495,19.420611374137927
case_055,3407,E0,hard_union,large_ge10ml,0.4947509765625,0.4947509765625,5.0,0.001223892644047737,24023,14680,0.3792987623698421,0.8630393577879363,5.0,True,False,38703,5314,6970,6.503765510469675,8.530531729012727,0.8792739168957449,0.84739342718893,53.87208251304924,55.898848731592295
case_055,3407,E0,soft_union_p0p5,large_ge10ml,0.4947509765625,0.4947509765625,5.0,0.001223892644047737,24023,14680,0.3792987623698421,0.8637415965451226,5.0,True,False,38801,5370,6872,6.572303498536348,8.41059024989605,0.8784270222544204,0.8495391150132463,54.06056198023259,55.898848731592295
case_055,3407,E2,hard_union,large_ge10ml,0.4947509765625,0.4947509765625,5.0,0.001223892644047737,35799,4378,0.10896781740796974,0.8776390663739528,3.8641286543517666,True,False,40177,5707,5496,6.984755319580436,6.726513971686363,0.8756211315491239,0.8796663236485451,56.157090079486366,55.898848731592295
case_055,3407,E2,soft_union_p0p5,large_ge10ml,0.4947509765625,0.4947509765625,5.0,0.001223892644047737,35799,4378,0.10896781740796974,0.8774463814282286,3.9580078125,True,False,40216,5777,5457,7.070427804663777,6.678782158568501,0.8743939295110126,0.8805202198235281,56.29049437768757,55.898848731592295
case_068,3407,E0,hard_union,large_ge10ml,0.48828125,0.48828125,5.3740234375,0.0012812670320272446,7739,613,0.0733955938697318,0.46963562753036436,19.087538233218424,True,False,8352,12009,6855,15.38673578761518,8.783085504546762,0.410195962870193,0.5492207536003156,26.087878039106727,19.484227756038308
case_068,3407,E0,soft_union_p0p5,large_ge10ml,0.48828125,0.48828125,5.3740234375,0.0012812670320272446,7739,613,0.0733955938697318,0.4696846985226352,19.37787452170515,True,False,8409,12191,6798,15.619926387444139,8.710053283721209,0.40820388349514564,0.5529690274215822,26.394100859761238,19.484227756038308
case_068,3407,E2,hard_union,large_ge10ml,0.48828125,0.48828125,5.3740234375,0.0012812670320272446,7542,121,0.015790160511549002,0.4622112310754569,11.36069501392638,True,False,7663,10288,7544,13.181675225496292,9.665878489613533,0.42688429613949086,0.5039126717958835,23.000024491921067,19.484227756038308
case_068,3407,E2,soft_union_p0p5,large_ge10ml,0.48828125,0.48828125,5.3740234375,0.0012812670320272446,7542,121,0.015790160511549002,0.46268073466197734,11.320631445267534,True,False,7696,10364,7511,13.279051519930363,9.623596677556634,0.42613510520487263,0.5060827250608273,23.139682598412037,19.484227756038308
case_069,3407,E0,hard_union,medium_1to10ml,0.4882810115814209,0.4882810115814209,2.5830001831054688,0.0006158346320736331,1573,3134,0.6658168684937328,0.6236502153030805,5.651923093129126,True,False,4707,1338,4343,0.8239867377145211,2.674569807095789,0.7786600496277916,0.5201104972375691,3.7227203508851123,5.57330342026638
case_069,3407,E0,soft_union_p0p5,medium_1to10ml,0.4882810115814209,0.4882810115814209,2.5830001831054688,0.0006158346320736331,1573,3134,0.6658168684937328,0.6266394252949318,5.630752000328639,True,False,4754,1369,4296,0.8430776113088038,2.645625579388328,0.7764167891556426,0.5253038674033149,3.770755452186856,5.57330342026638
case_069,3407,E2,hard_union,medium_1to10ml,0.4882810115814209,0.4882810115814209,2.5830001831054688,0.0006158346320736331,4925,103,0.02048528241845664,0.4829043411448329,12.236649087302958,True,False,5028,6746,4022,4.154420427968729,2.4768868902001526,0.4270426363173093,0.5555801104972375,7.250836958034957,5.57330342026638
case_069,3407,E2,soft_union_p0p5,medium_1to10ml,0.4882810115814209,0.4882810115814209,2.5830001831054688,0.0006158346320736331,4925,103,0.02048528241845664,0.4829008585543671,12.243527261774393,True,False,5034,6765,4016,4.166121285978128,2.473191882407711,0.4266463259598271,0.5562430939226519,7.2662328238367975,5.57330342026638
case_071,3407,E0,hard_union,large_ge10ml,0.48828125,0.48828125,5.0,0.0011920928955078125,49275,5069,0.0932761666421316,0.8817712009475828,5.0,True,False,54344,4508,10065,5.373954772949219,11.998414993286133,0.923401073880242,0.843733018677514,70.15705108642578,76.7815113067627
case_071,3407,E0,soft_union_p0p5,large_ge10ml,0.48828125,0.48828125,5.0,0.0011920928955078125,49275,5069,0.0932761666421316,0.8831625135603375,5.0,True,False,54545,4568,9864,5.4454803466796875,11.758804321289062,0.9227242738483921,0.8468537005697961,70.46818733215332,76.7815113067627
case_071,3407,E2,hard_union,large_ge10ml,0.48828125,0.48828125,5.0,0.0011920928955078125,51507,2555,0.04726055269875328,0.8847176650601818,5.0,True,False,54062,3742,10347,4.460811614990234,12.334585189819336,0.9352639955712407,0.8393547485599838,68.9077377319336,76.7815113067627
case_071,3407,E2,soft_union_p0p5,large_ge10ml,0.48828125,0.48828125,5.0,0.0011920928955078125,51507,2555,0.04726055269875328,0.8856433379075999,5.0,True,False,54212,3803,10197,4.533529281616211,12.155771255493164,0.9344479875894165,0.8416836156437765,69.15926933288574,76.7815113067627
case_074,3407,E0,hard_union,medium_1to10ml,0.48828125,0.48828125,5.17626953125,0.001234118826687336,2443,376,0.13338063142958495,0.6542880352790994,115.06275176428072,True,False,2819,1889,1090,2.3312504636123776,1.3451895210891962,0.598768054375531,0.7211563059606038,5.810231436043978,4.824170493520796
case_074,3407,E0,soft_union_p0p5,medium_1to10ml,0.48828125,0.48828125,5.17626953125,0.001234118826687336,2443,376,0.13338063142958495,0.6561813345669019,115.07155808036168,True,False,2837,1901,1072,2.3460598895326257,1.3229753822088242,0.5987758547910511,0.7257610642107956,5.847255000844598,4.824170493520796
case_074,3407,E2,hard_union,medium_1to10ml,0.48828125,0.48828125,5.17626953125,0.001234118826687336,2175,678,0.23764458464773922,0.7707686073213562,57.852220185190454,True,False,2853,641,1056,0.7910701679065824,1.3032294809818268,0.816542644533486,0.7298541826554106,4.312011180445552,4.824170493520796
case_074,3407,E2,soft_union_p0p5,medium_1to10ml,0.48828125,0.48828125,5.17626953125,0.001234118826687336,2175,678,0.23764458464773922,0.7733870967741936,57.97767749012285,True,False,2877,654,1032,0.8071137126535177,1.2736106291413307,0.8147833474936279,0.735993860322333,4.357673577032983,4.824170493520796
case_079,3407,E0,hard_union,small_lt1ml,0.4882810115814209,0.4882810115814209,2.5,0.0005960458656774393,0,0,nan,0.0,55.26756723378242,True,False,0,412,88,0.24557089665910498,0.05245203617961466,0.0,0.0,0.24557089665910498,0.05245203617961466
case_079,3407,E0,soft_union_p0p5,small_lt1ml,0.4882810115814209,0.4882810115814209,2.5,0.0005960458656774393,0,0,nan,0.0,55.26756723378242,True,False,0,412,88,0.24557089665910498,0.05245203617961466,0.0,0.0,0.24557089665910498,0.05245203617961466
case_079,3407,E2,hard_union,small_lt1ml,0.4882810115814209,0.4882810115814209,2.5,0.0005960458656774393,0,0,nan,0.0,48.30214745957794,True,False,0,32,88,0.019073467701678056,0.05245203617961466,0.0,0.0,0.019073467701678056,0.05245203617961466
case_079,3407,E2,soft_union_p0p5,small_lt1ml,0.4882810115814209,0.4882810115814209,2.5,0.0005960458656774393,0,0,nan,0.0,48.30214745957794,True,False,0,32,88,0.019073467701678056,0.05245203617961466,0.0,0.0,0.019073467701678056,0.05245203617961466
case_080,3407,E0,hard_union,large_ge10ml,0.4882810115814209,0.4882810115814209,5.0,0.0011920917313548785,5424,2152,0.2840549102428722,0.7513264243566222,5.0,True,False,7576,809,4206,0.9644022106660967,5.013937822078619,0.9035181872391175,0.6430147682906128,9.995689167410656,14.04522477882318
case_080,3407,E0,soft_union_p0p5,large_ge10ml,0.4882810115814209,0.4882810115814209,5.0,0.0011920917313548785,5424,2152,0.2840549102428722,0.7532133676092545,5.0,True,False,7618,828,4164,0.9870519535618394,4.963869969361714,0.9019654274212645,0.6465795280937022,10.068406763023305,14.04522477882318
case_080,3407,E2,hard_union,large_ge10ml,0.4882810115814209,0.4882810115814209,5.0,0.0011920917313548785,6072,1484,0.19640021175224986,0.72678305198865,5.0,True,False,7556,1455,4226,1.7344934691213483,5.037779656705717,0.8385306847186772,0.641317263622475,10.74193859123881,14.04522477882318
case_080,3407,E2,soft_union_p0p5,large_ge10ml,0.4882810115814209,0.4882810115814209,5.0,0.0011920917313548785,6072,1484,0.19640021175224986,0.7282681778887715,5.0,True,False,7582,1458,4200,1.738069744315413,5.0067852716904895,0.838716814159292,0.6435240196910541,10.776509251448102,14.04522477882318
case_086,3407,E0,hard_union,large_ge10ml,0.48828125,0.48828125,5.373893737792969,0.0012812361092073843,35937,38904,0.5198220226880987,0.8252580275229358,7.6603561466021795,True,False,74841,2476,29218,3.1723406063974835,37.435156638821354,0.9679759949299637,0.7192169826732911,99.06133225558733,133.3241482880112
case_086,3407,E0,soft_union_p0p5,large_ge10ml,0.48828125,0.48828125,5.373893737792969,0.0012812361092073843,35937,38904,0.5198220226880987,0.8351130687593586,7.597853774348355,True,False,76407,2520,27652,3.2287149952026084,35.42874089180259,0.9680717625147288,0.734266137479699,101.12412239141122,133.3241482880112
case_086,3407,E2,hard_union,large_ge10ml,0.48828125,0.48828125,5.373893737792969,0.0012812361092073843,16192,44691,0.7340472709951875,0.7330752605311163,8.315130061487501,True,False,60883,1161,43176,1.4875151227897732,55.318650251138024,0.98128747340597,0.5850815402800335,79.49301315966295,133.3241482880112
case_086,3407,E2,soft_union_p0p5,large_ge10ml,0.48828125,0.48828125,5.373893737792969,0.0012812361092073843,16192,44691,0.7340472709951875,0.7564169227133065,8.010286113000069,True,False,64008,1173,40051,1.5028899561002618,51.31478740986495,0.9820039582086805,0.6151125803630633,83.51225083424652,133.3241482880112
case_094,3407,E0,hard_union,medium_1to10ml,0.4882810115814209,0.4882810115814209,2.546999931335449,0.0006072515115812865,2774,4518,0.6195831047723532,0.8104923863510058,2.546999931335449,True,False,7292,2551,859,1.5490986060438618,0.5216290484483251,0.7408310474448847,0.8946141577720526,5.977176628494603,4.949707070899066
case_094,3407,E0,soft_union_p0p5,medium_1to10ml,0.4882810115814209,0.4882810115814209,2.546999931335449,0.0006072515115812865,2774,4518,0.6195831047723532,0.8077856197617997,2.546999931335449,True,False,7325,2660,826,1.615289020806222,0.5015897485661427,0.7336004006009014,0.8986627407680039,6.063406343139146,4.949707070899066
case_094,3407,E2,hard_union,medium_1to10ml,0.4882810115814209,0.4882810115814209,2.546999931335449,0.0006072515115812865,812,3422,0.8082191780821918,0.6234722426741275,17.028406336660307,True,False,4234,1197,3917,0.7268800593628,2.378604170863899,0.7795986006260357,0.5194454668138878,3.297982959397967,4.949707070899066
case_094,3407,E2,soft_union_p0p5,medium_1to10ml,0.4882810115814209,0.4882810115814209,2.546999931335449,0.0006072515115812865,812,3422,0.8082191780821918,0.6232851588291395,16.98575508406947,True,False,4248,1232,3903,0.7481338622681449,2.3701026497017614,0.7751824817518248,0.5211630474788369,3.32773828346545,4.949707070899066
case_095,3407,E0,hard_union,large_ge10ml,0.4882810115814209,0.4882810115814209,5.392673492431641,0.0012857122960448781,40696,2774,0.0638141246836899,0.7889292196007259,5.735470419792128,True,False,43470,6412,16848,8.243987242239758,21.661680763764107,0.8714566376648891,0.720680393912265,64.1339007513106,77.55159427283496
case_095,3407,E0,soft_union_p0p5,large_ge10ml,0.4882810115814209,0.4882810115814209,5.392673492431641,0.0012857122960448781,40696,2774,0.0638141246836899,0.7910407239819005,5.715182712663146,True,False,43705,6477,16613,8.327558541482675,21.35953837419356,0.870929815471683,0.7245764116847375,64.51961444012407,77.55159427283496
case_095,3407,E2,hard_union,large_ge10ml,0.4882810115814209,0.4882810115814209,5.392673492431641,0.0012857122960448781,36424,2720,0.06948702227672185,0.7485299601296503,7.8425647902218545,True,False,39144,5127,21174,6.59184694182209,27.22367215645425,0.8841905536355628,0.6489605093007063,56.919769058202796,77.55159427283496
case_095,3407,E2,soft_union_p0p5,large_ge10ml,0.4882810115814209,0.4882810115814209,5.392673492431641,0.0012857122960448781,36424,2720,0.06948702227672185,0.7507463967873937,7.8277400947936915,True,False,39353,5166,20965,6.641989721367841,26.95495828658087,0.8839596576742514,0.6524254782983521,57.23862570762193,77.55159427283496
case_096,3407,E0,hard_union,medium_1to10ml,0.49486300349235535,0.49486300349235535,5.0,0.0012244469611273744,507,71,0.12283737024221453,0.319955715471907,12.271805385795716,True,False,578,254,2203,0.31100952812635313,2.697456655363606,0.6947115384615384,0.20783890686803308,1.0187398716579756,3.4051869988952284
case_096,3407,E0,soft_union_p0p5,medium_1to10ml,0.49486300349235535,0.49486300349235535,5.0,0.0012244469611273744,507,71,0.12283737024221453,0.32081722805080065,12.256958426190806,True,False,581,260,2200,0.31835620989311736,2.693783314480224,0.6908442330558858,0.20891765551959726,1.0297598943081219,3.4051869988952284
case_096,3407,E2,hard_union,medium_1to10ml,0.49486300349235535,0.49486300349235535,5.0,0.0012244469611273744,761,32,0.0403530895334174,0.4190224570673712,38.16466386867628,True,False,793,211,1988,0.258358308797876,2.4342005587212205,0.7898406374501992,0.2851492268967997,1.2293447489718838,3.4051869988952284
case_096,3407,E2,soft_union_p0p5,medium_1to10ml,0.49486300349235535,0.49486300349235535,5.0,0.0012244469611273744,761,32,0.0403530895334174,0.42016363156505676,38.14861548860477,True,False,796,212,1985,0.25958275575900336,2.430527217837838,0.7896825396825397,0.2862279755483639,1.2342425368163934,3.4051869988952284
case_107,3407,E0,hard_union,large_ge10ml,0.4882810115814209,0.4882810115814209,5.392673492431641,0.0012857122960448781,22922,2670,0.10432947796186308,0.7195737442184139,5.48038326954044,True,False,25592,12602,7345,16.202546354757555,9.44355681444963,0.67005288788815,0.7769985123113823,49.10649543513807,42.34750589483015
case_107,3407,E0,soft_union_p0p5,large_ge10ml,0.4882810115814209,0.4882810115814209,5.392673492431641,0.0012857122960448781,22922,2670,0.10432947796186308,0.7198394994177645,5.48038326954044,True,False,25654,12686,7283,16.310546187625324,9.363842652094847,0.6691184141888368,0.7788808938276103,49.294209430360624,42.34750589483015
case_107,3407,E2,hard_union,large_ge10ml,0.4882810115814209,0.4882810115814209,5.392673492431641,0.0012857122960448781,21000,2570,0.10903691132795927,0.7062807143713292,5.588084869829166,True,False,23570,10237,9367,13.161836774611418,12.043267077052374,0.6971928890466471,0.7156085860885933,43.466075592389195,42.34750589483015
case_107,3407,E2,soft_union_p0p5,large_ge10ml,0.4882810115814209,0.4882810115814209,5.392673492431641,0.0012857122960448781,21000,2570,0.10903691132795927,0.7079241221579443,5.588084869829166,True,False,23679,10281,9258,13.218408115637391,11.903124436783482,0.69726148409894,0.7189179342380909,43.66278957368406,42.34750589483015
case_112,3407,E0,hard_union,large_ge10ml,0.4882810115814209,0.4882810115814209,5.0,0.0011920917313548785,48187,7845,0.1400092804111936,0.9269531411555482,2.9296860694885254,True,False,56032,1562,7269,1.8620472843763203,8.665314795218611,0.9728791193527103,0.8851676908737619,68.65733117565287,75.46059868649516
case_112,3407,E0,soft_union_p0p5,large_ge10ml,0.4882810115814209,0.4882810115814209,5.0,0.0011920917313548785,48187,7845,0.1400092804111936,0.9274506886232495,2.9296860694885254,True,False,56095,1570,7206,1.8715840182271593,8.590213016143254,0.9727737795890055,0.8861629358146,68.74196968857908,75.46059868649516
case_112,3407,E2,hard_union,large_ge10ml,0.4882810115814209,0.4882810115814209,5.0,0.0011920917313548785,49008,6745,0.12098003694868438,0.9169675090252708,5.0,True,False,55753,2549,7548,3.0386418232235854,8.997908388266623,0.9562793729203115,0.8807601775643354,69.50133212145212,75.46059868649516
case_112,3407,E2,soft_union_p0p5,large_ge10ml,0.4882810115814209,0.4882810115814209,5.0,0.0011920917313548785,49008,6745,0.12098003694868438,0.9172221628597026,5.0,True,False,55796,2566,7505,3.0589073826566184,8.946648443818363,0.9560330351941332,0.8814394717303045,69.57285762533341,75.46059868649516
case_117,3407,E0,hard_union,small_lt1ml,0.4882810115814209,0.4882810115814209,2.531163215637207,0.0006034757480141479,157,0,0.0,0.5688405797101449,81.66540783472254,True,False,157,65,173,0.03922592362091962,0.1044013044064476,0.7072072072072072,0.47575757575757577,0.13397161605914085,0.19914699684466883
case_117,3407,E0,soft_union_p0p5,small_lt1ml,0.4882810115814209,0.4882810115814209,2.531163215637207,0.0006034757480141479,157,0,0.0,0.5688405797101449,81.66540783472254,True,False,157,65,173,0.03922592362091962,0.1044013044064476,0.7072072072072072,0.47575757575757577,0.13397161605914085,0.19914699684466883
case_117,3407,E2,hard_union,small_lt1ml,0.4882810115814209,0.4882810115814209,2.531163215637207,0.0006034757480141479,155,0,0.0,0.3024390243902439,90.47372574411271,True,False,155,540,175,0.3258769039276399,0.10560825590247588,0.22302158273381295,0.4696969696969697,0.4194156448698328,0.19914699684466883
case_117,3407,E2,soft_union_p0p5,small_lt1ml,0.4882810115814209,0.4882810115814209,2.531163215637207,0.0006034757480141479,155,0,0.0,0.30009680542110356,90.47425278466119,True,False,155,548,175,0.33070470991175305,0.10560825590247588,0.22048364153627312,0.4696969696969697,0.424243450853946,0.19914699684466883
case_121,3407,E0,hard_union,large_ge10ml,0.4882810115814209,0.4882810115814209,5.563000202178955,0.0013263213085086094,57245,4044,0.0659824764639658,0.804423152644704,8.867391978684502,True,False,61289,4891,24911,6.487037519915608,33.03999011625797,0.926095497129042,0.7110092807424594,87.77594419709978,114.32889679344213
case_121,3407,E0,soft_union_p0p5,large_ge10ml,0.4882810115814209,0.4882810115814209,5.563000202178955,0.0013263213085086094,57245,4044,0.0659824764639658,0.8062808704652351,8.867391978684502,True,False,61541,4913,24659,6.516216588702798,32.7057571465138,0.9260691606223854,0.7139327146171693,88.13935623563113,114.32889679344213
case_121,3407,E2,hard_union,large_ge10ml,0.4882810115814209,0.4882810115814209,5.563000202178955,0.0013263213085086094,55195,3689,0.06264859724203518,0.7938737815647203,7.353472026038294,True,False,58884,3262,27316,4.326460108355084,36.22979286322117,0.947510700608245,0.6831090487238979,82.42556403857604,114.32889679344213
case_121,3407,E2,soft_union_p0p5,large_ge10ml,0.4882810115814209,0.4882810115814209,5.563000202178955,0.0013263213085086094,55195,3689,0.06264859724203518,0.7965864615136313,7.258819086179627,True,False,59227,3275,26973,4.343702285365696,35.77486465440272,0.9476016767463441,0.6870881670533643,82.8977344244051,114.32889679344213
case_122,3407,E0,hard_union,medium_1to10ml,0.4882810115814209,0.4882810115814209,5.121000289916992,0.0012209404203751973,5170,64,0.01222774168895682,0.7250813881000208,11.870293531571544,True,False,5234,1419,2550,1.732514456512405,3.113398071956753,0.7867127611603788,0.6724049331963001,8.122916616756187,9.503800232200536
case_122,3407,E0,soft_union_p0p5,medium_1to10ml,0.4882810115814209,0.4882810115814209,5.121000289916992,0.0012209404203751973,5170,64,0.01222774168895682,0.7278380432529538,11.87631657327912,True,False,5267,1422,2517,1.7361772777735307,3.0731070380843715,0.7874121692330692,0.6766443987667009,8.166870471889695,9.503800232200536
case_122,3407,E2,hard_union,medium_1to10ml,0.4882810115814209,0.4882810115814209,5.121000289916992,0.0012209404203751973,3580,1602,0.30914704747201854,0.7181263858093127,49.12216596359268,True,False,5182,1466,2602,1.7898986562700392,3.1768869738162633,0.779482551143201,0.6657245632065776,8.116811914654312,9.503800232200536
case_122,3407,E2,soft_union_p0p5,medium_1to10ml,0.4882810115814209,0.4882810115814209,5.121000289916992,0.0012209404203751973,3580,1602,0.30914704747201854,0.7222107366825167,49.101591553270694,True,False,5240,1487,2544,1.8155384050979184,3.106072429434502,0.7789504979931619,0.6731757451181911,8.213266207863953,9.503800232200536
case_126,3407,E0,hard_union,medium_1to10ml,0.4882810115814209,0.4882810115814209,5.188999176025391,0.0012371526023494293,3097,403,0.11514285714285714,0.4458030824098841,44.457536255471474,True,False,3500,6264,2438,7.749523901116825,3.0161780445279085,0.35845964768537486,0.5894240485011788,12.079558009339827,7.346212152750911
case_126,3407,E0,soft_union_p0p5,medium_1to10ml,0.4882810115814209,0.4882810115814209,5.188999176025391,0.0012371526023494293,3097,403,0.11514285714285714,0.44125571777680306,44.675392961639815,True,False,3521,6500,2417,8.04149191527129,2.9901978398785705,0.3513621395070352,0.5929605927921859,12.39750622814363,7.346212152750911
case_126,3407,E2,hard_union,medium_1to10ml,0.4882810115814209,0.4882810115814209,5.188999176025391,0.0012371526023494293,3347,251,0.06976097832128961,0.4660621761658031,54.54028796741896,True,False,3598,5904,2340,7.304148964271031,2.8949370894976645,0.37865712481582825,0.6059279218592118,11.755424027524278,7.346212152750911
case_126,3407,E2,soft_union_p0p5,medium_1to10ml,0.4882810115814209,0.4882810115814209,5.188999176025391,0.0012371526023494293,3347,251,0.06976097832128961,0.46443298969072166,54.5158973006547,True,False,3604,5978,2334,7.395698256844888,2.887514173883568,0.37612189522020456,0.6069383630852139,11.854396235712231,7.346212152750911
case_129,3407,E0,hard_union,large_ge10ml,0.48828125,0.48828125,5.431884765625,0.001295062247663736,7424,721,0.08852056476365869,0.554949921646113,17.60523083722651,True,False,8145,9844,3220,12.748592766001817,4.170100437477229,0.45277669687030964,0.7166739991201055,23.296874773222946,14.718382444698358
case_129,3407,E0,soft_union_p0p5,large_ge10ml,0.48828125,0.48828125,5.431884765625,0.001295062247663736,7424,721,0.08852056476365869,0.5506209503239741,17.650350153218834,True,False,8158,10109,3207,13.091784261632707,4.153264628257601,0.44659768982317843,0.7178178618565773,23.656902078073465,14.718382444698358
case_129,3407,E2,hard_union,large_ge10ml,0.48828125,0.48828125,5.431884765625,0.001295062247663736,7574,159,0.02056123108754688,0.5341391814885167,22.074768562444003,True,False,7733,9857,3632,12.765428575221446,4.703666083514689,0.4396247868106879,0.6804223493180819,22.780144936405115,14.718382444698358
case_129,3407,E2,soft_union_p0p5,large_ge10ml,0.48828125,0.48828125,5.431884765625,0.001295062247663736,7574,159,0.02056123108754688,0.5344489205660572,22.04994936119483,True,False,7761,9917,3604,12.84313231008127,4.667404340580104,0.43902025115963345,0.6828860536735591,22.894110414199524,14.718382444698358
case_133,3407,E0,hard_union,large_ge10ml,0.48828125,0.48828125,5.0,0.0011920928955078125,24062,3662,0.13208772182946185,0.748074095060779,7.948642869189309,True,False,27724,6273,12400,7.477998733520508,14.781951904296875,0.8154837191516898,0.6909580301066693,40.5275821685791,47.83153533935547
case_133,3407,E0,soft_union_p0p5,large_ge10ml,0.48828125,0.48828125,5.0,0.0011920928955078125,24062,3662,0.13208772182946185,0.7524709926944564,7.889072478377872,True,False,28016,6324,12108,7.538795471191406,14.433860778808594,0.8158415841584158,0.6982354700428671,40.93647003173828,47.83153533935547
case_133,3407,E2,hard_union,large_ge10ml,0.48828125,0.48828125,5.0,0.0011920928955078125,23425,1719,0.06836621062678969,0.6970696681544731,17.362710022943432,True,False,25144,6874,14980,8.194446563720703,17.85755157470703,0.7853082641014429,0.6266573621772505,38.16843032836914,47.83153533935547
case_133,3407,E2,soft_union_p0p5,large_ge10ml,0.48828125,0.48828125,5.0,0.0011920928955078125,23425,1719,0.06836621062678969,0.6997622207476222,17.362710022943432,True,False,25309,6903,14815,8.22901725769043,17.660856246948242,0.7857009810008693,0.6307696141959924,38.399696350097656,47.83153533935547
case_135,3407,E0,hard_union,small_lt1ml,0.48828125,0.48828125,5.32080078125,0.0012685777619481082,105,0,0.0,0.33070866141732286,74.91413484124475,True,False,105,410,15,0.5201168823987243,0.019028666429221623,0.20388349514563106,0.875,0.6533175474032757,0.15222933143377299
case_135,3407,E0,soft_union_p0p5,small_lt1ml,0.48828125,0.48828125,5.32080078125,0.0012685777619481082,105,0,0.0,0.33070866141732286,74.91413484124475,True,False,105,410,15,0.5201168823987243,0.019028666429221623,0.20388349514563106,0.875,0.6533175474032757,0.15222933143377299
case_135,3407,E2,hard_union,small_lt1ml,0.48828125,0.48828125,5.32080078125,0.0012685777619481082,105,0,0.0,0.17647058823529413,128.90028199973216,True,False,105,965,15,1.2241775402799244,0.019028666429221623,0.09813084112149532,0.875,1.3573782052844758,0.15222933143377299
case_135,3407,E2,soft_union_p0p5,small_lt1ml,0.48828125,0.48828125,5.32080078125,0.0012685777619481082,105,0,0.0,0.17632241813602015,128.89598288691042,True,False,105,966,15,1.2254461180418725,0.019028666429221623,0.09803921568627451,0.875,1.358646783046424,0.15222933143377299
case_137,3407,E0,hard_union,large_ge10ml,0.3984380066394806,0.3984380066394806,5.142000198364258,0.0008163071611742521,12106,0,0.0,0.9436065318211934,0.5634764327544547,True,False,12106,257,1190,0.20979094042178278,0.97140552179736,0.9792121653320391,0.9104993983152828,10.092005433597278,10.853620014972856
case_137,3407,E0,soft_union_p0p5,large_ge10ml,0.3984380066394806,0.3984380066394806,5.142000198364258,0.0008163071611742521,12106,0,0.0,0.9436888663730953,0.5634764327544547,True,False,12108,257,1188,0.20979094042178278,0.9697729074750114,0.9792155276991509,0.9106498194945848,10.093638047919626,10.853620014972856
case_137,3407,E2,hard_union,large_ge10ml,0.3984380066394806,0.3984380066394806,5.142000198364258,0.0008163071611742521,12300,0,0.0,0.9435047750546542,0.7968760132789612,True,False,12300,477,996,0.38937851588011824,0.813041932529555,0.9626672927917351,0.9250902527075813,10.429956598323418,10.853620014972856
case_137,3407,E2,soft_union_p0p5,large_ge10ml,0.3984380066394806,0.3984380066394806,5.142000198364258,0.0008163071611742521,12300,0,0.0,0.943549624175487,0.7968760132789612,True,False,12302,478,994,0.3901948230412925,0.8114093182072065,0.9625978090766824,0.9252406738868832,10.432405519806942,10.853620014972856
case_138,3407,E0,hard_union,large_ge10ml,0.4947509765625,0.4947509765625,5.0,0.001223892644047737,41526,490,0.011662223914699163,0.9126770353636284,9.428000637425301,True,False,42016,655,7385,0.8016496818512678,9.038447176292538,0.9846499964847321,0.850509099006093,52.224723014160986,60.46152050860226
case_138,3407,E0,soft_union_p0p5,large_ge10ml,0.4947509765625,0.4947509765625,5.0,0.001223892644047737,41526,490,0.011662223914699163,0.9130406461698801,9.415010222537324,True,False,42051,660,7350,0.8077691450715064,8.995610933750868,0.9845473063145326,0.8512175866885285,52.2736787199229,60.46152050860226
case_138,3407,E2,hard_union,large_ge10ml,0.4947509765625,0.4947509765625,5.0,0.001223892644047737,42369,379,0.008865911855525405,0.9134871197632302,13.066789767420275,True,False,42748,1444,6653,1.7673009780049325,8.142557760849595,0.9673244026068066,0.8653266128216028,54.0862637257576,60.46152050860226
case_138,3407,E2,soft_union_p0p5,large_ge10ml,0.4947509765625,0.4947509765625,5.0,0.001223892644047737,42369,379,0.008865911855525405,0.9137229349370307,13.063041848822744,True,False,42770,1446,6631,1.7697487632930278,8.115632122680545,0.9672969060973403,0.8657719479362765,54.11563714921474,60.46152050860226
case_141,3407,E0,hard_union,medium_1to10ml,0.48828125,0.48828125,5.0,0.0011920928955078125,3255,774,0.1921072226358898,0.48393489880487656,126.57307743682769,True,False,4029,7663,930,9.135007858276367,1.1086463928222656,0.34459459459459457,0.8124621899576527,13.937950134277344,5.911588668823242
case_141,3407,E0,soft_union_p0p5,medium_1to10ml,0.48828125,0.48828125,5.0,0.0011920928955078125,3255,774,0.1921072226358898,0.47923967923967925,126.58174190658866,True,False,4034,7842,925,9.348392486572266,1.1026859283447266,0.33967665880767933,0.8134704577535794,14.157295227050781,5.911588668823242
case_141,3407,E2,hard_union,medium_1to10ml,0.48828125,0.48828125,5.0,0.0011920928955078125,3193,693,0.17833247555326814,0.7624092603492251,119.06002167139889,True,False,3886,1349,1073,1.608133316040039,1.2791156768798828,0.7423113658070678,0.783625730994152,6.240606307983398,5.911588668823242
case_141,3407,E2,soft_union_p0p5,medium_1to10ml,0.48828125,0.48828125,5.0,0.0011920928955078125,3193,693,0.17833247555326814,0.7624547323088969,119.1801615591777,True,False,3895,1363,1064,1.6248226165771484,1.2683868408203125,0.7407759604412324,0.7854406130268199,6.268024444580078,5.911588668823242
case_149,3407,E0,hard_union,large_ge10ml,0.48828125,0.48828125,5.431884765625,0.001295062247663736,72928,397,0.005414251619502216,0.9333749156684785,2.0716018980074633,True,False,73325,2817,7651,3.648190351668744,9.908521256875243,0.9630033358724488,0.905515214384509,98.60862966161218,104.86896056681869
case_149,3407,E0,soft_union_p0p5,large_ge10ml,0.48828125,0.48828125,5.431884765625,0.001295062247663736,72928,397,0.005414251619502216,0.9330288999694719,2.1836601342771385,True,False,73351,2905,7625,3.7621558294631527,9.874849638435986,0.9619046370121695,0.9058362971744714,98.75626675784585,104.86896056681869
case_149,3407,E2,hard_union,large_ge10ml,0.48828125,0.48828125,5.431884765625,0.001295062247663736,73772,721,0.0096787617628502,0.9343626922208564,2.1836601342771385,True,False,74493,3983,6483,5.15823293244466,8.395888551604,0.9492456292369642,0.9199392412566686,101.63130494765934,104.86896056681869
case_149,3407,E2,soft_union_p0p5,large_ge10ml,0.48828125,0.48828125,5.431884765625,0.001295062247663736,73772,721,0.0096787617628502,0.9341428419265302,2.44140625,True,False,74546,4081,6430,5.285149032715706,8.327250252477821,0.9480967097816272,0.920593756174669,101.82685934705657,104.86896056681869
case_151,3407,E0,hard_union,large_ge10ml,0.4882810115814209,0.4882810115814209,5.0,0.0011920917313548785,7060,1009,0.12504647416036685,0.8266994518723426,5.712213851097595,True,False,8069,1868,1515,2.226827354170913,1.806018973002641,0.8120156989030894,0.841924040066778,11.845815534473427,11.425007153305156
case_151,3407,E0,soft_union_p0p5,large_ge10ml,0.4882810115814209,0.4882810115814209,5.0,0.0011920917313548785,7060,1009,0.12504647416036685,0.8272727272727273,5.6996229657170705,True,False,8099,1897,1485,2.2613980143802044,1.7702562210619945,0.8102240896358543,0.8450542570951586,11.916148946623366,11.425007153305156
case_151,3407,E2,hard_union,large_ge10ml,0.4882810115814209,0.4882810115814209,5.0,0.0011920917313548785,7290,425,0.05508749189889825,0.7714228577142286,48.03682931873259,True,False,7715,2703,1869,3.2222239498522365,2.2280194459022677,0.7405452102130927,0.8049874791318865,12.419211657255124,11.425007153305156
case_151,3407,E2,soft_union_p0p5,large_ge10ml,0.4882810115814209,0.4882810115814209,5.0,0.0011920917313548785,7290,425,0.05508749189889825,0.7724357380798489,48.39336142878584,True,False,7768,2761,1816,3.2913652702708194,2.164838584140459,0.7377718681736157,0.8105175292153589,12.551533839435516,11.425007153305156
case_156,3407,E0,hard_union,large_ge10ml,0.4882810115814209,0.4882810115814209,5.121000289916992,0.0012209404203751973,28107,11,0.0003912084785546625,0.681508052886072,11.016121742788005,True,False,28118,3030,23251,3.699449473736848,28.388085714143713,0.9027224861949403,0.5473729291985439,38.029852213846645,62.71848845425351
case_156,3407,E0,soft_union_p0p5,large_ge10ml,0.4882810115814209,0.4882810115814209,5.121000289916992,0.0012209404203751973,28107,11,0.0003912084785546625,0.6823498074920696,10.99439527390694,True,False,28179,3046,23190,3.718984520462851,28.313608348500825,0.9024499599679744,0.5485604158149857,38.123864626215536,62.71848845425351
case_156,3407,E2,hard_union,large_ge10ml,0.4882810115814209,0.4882810115814209,5.121000289916992,0.0012209404203751973,21562,0,0.0,0.5660506143022157,22.776873235836092,True,False,21562,3253,29807,3.971719187480517,36.392571110123505,0.8689099335079589,0.41974731842161617,30.29763653161052,62.71848845425351
case_156,3407,E2,soft_union_p0p5,large_ge10ml,0.4882810115814209,0.4882810115814209,5.121000289916992,0.0012209404203751973,21562,0,0.0,0.5662843494921393,22.776873235836092,True,False,21576,3257,29793,3.9766029491620176,36.375477944238256,0.8688438770990214,0.4200198563335864,30.319613459177276,62.71848845425351
case_159,3407,E0,hard_union,medium_1to10ml,0.48828125,0.48828125,5.431884765625,0.001295062247663736,57,0,0.0,0.04252144722118612,139.43167584846898,True,False,57,887,1680,1.1487202136777337,2.175704576075076,0.06038135593220339,0.03281519861830743,1.2225387617945667,2.249523124191909
case_159,3407,E0,soft_union_p0p5,medium_1to10ml,0.48828125,0.48828125,5.431884765625,0.001295062247663736,57,0,0.0,0.04242649795310755,139.39191616779064,True,False,57,893,1680,1.156490587163716,2.175704576075076,0.06,0.03281519861830743,1.230309135280549,2.249523124191909
case_159,3407,E2,hard_union,medium_1to10ml,0.48828125,0.48828125,5.431884765625,0.001295062247663736,0,80,1.0,0.07688611244593946,129.60226321469224,True,False,80,264,1657,0.3418964333832263,2.1459181443788102,0.23255813953488372,0.04605641911341393,0.44550141319632514,2.249523124191909
case_159,3407,E2,soft_union_p0p5,medium_1to10ml,0.48828125,0.48828125,5.431884765625,0.001295062247663736,0,80,1.0,0.07688611244593946,129.60226321469224,True,False,80,264,1657,0.3418964333832263,2.1459181443788102,0.23255813953488372,0.04605641911341393,0.44550141319632514,2.249523124191909
case_166,3407,E0,hard_union,medium_1to10ml,0.4882810115814209,0.4882810115814209,2.571000099182129,0.0006129735919095177,10025,175,0.01715686274509804,0.8248423095584667,2.7502208811436253,True,False,10200,903,3429,0.5535151534942945,2.101886446657736,0.9186706295595785,0.7484041382346467,6.805845790971374,8.354217084134817
case_166,3407,E0,soft_union_p0p5,medium_1to10ml,0.4882810115814209,0.4882810115814209,2.571000099182129,0.0006129735919095177,10025,175,0.01715686274509804,0.8258377069035123,2.7502208811436253,True,False,10228,913,3401,0.5596448894133896,2.0847231860842697,0.9180504443048201,0.7504585809670555,6.829138787463936,8.354217084134817
case_166,3407,E2,hard_union,medium_1to10ml,0.4882810115814209,0.4882810115814209,2.571000099182129,0.0006129735919095177,9767,0,0.0,0.8095652534294832,2.7502208811436253,True,False,9767,733,3862,0.44930964286967645,2.367304011954557,0.9301904761904762,0.7166336488370386,6.436222715049936,8.354217084134817
case_166,3407,E2,soft_union_p0p5,medium_1to10ml,0.4882810115814209,0.4882810115814209,2.571000099182129,0.0006129735919095177,9767,0,0.0,0.8097447795823666,2.7502208811436253,True,False,9772,735,3857,0.45053559005349547,2.3642391439950097,0.9300466355762825,0.7170005136106831,6.440513530193302,8.354217084134817
case_171,3407,E0,hard_union,medium_1to10ml,0.4882810115814209,0.4882810115814209,2.7939987182617188,0.0006661405538911845,991,0,0.0,0.30614766759345075,16.196695974474387,True,False,991,259,4233,0.17253040345781678,2.819772964621384,0.7928,0.18970137825421132,0.8326756923639806,3.479918253527548
case_171,3407,E0,soft_union_p0p5,medium_1to10ml,0.4882810115814209,0.4882810115814209,2.7939987182617188,0.0006661405538911845,991,0,0.0,0.30652878530637445,16.23121291307055,True,False,993,262,4231,0.17452882511949033,2.8184406835136016,0.7912350597609562,0.19008422664624808,0.8360063951334366,3.479918253527548
case_171,3407,E2,hard_union,medium_1to10ml,0.4882810115814209,0.4882810115814209,2.7939987182617188,0.0006661405538911845,1080,0,0.0,0.3381869422263974,14.459578913142174,True,False,1080,83,4144,0.05528966597296831,2.7604864553250685,0.9286328460877042,0.20673813169984687,0.7747214641754476,3.479918253527548
case_171,3407,E2,soft_union_p0p5,medium_1to10ml,0.4882810115814209,0.4882810115814209,2.7939987182617188,0.0006661405538911845,1080,0,0.0,0.33844708829054476,14.401236377899213,True,False,1081,83,4143,0.05528966597296831,2.7598203147711775,0.9286941580756014,0.20692955589586523,0.7753876047293388,3.479918253527548
case_176,3407,E0,hard_union,large_ge10ml,0.4882810115814209,0.4882810115814209,5.042999267578125,0.0012023435456217184,30950,417,0.013294226416297383,0.8997088645718302,2.4414050579071045,True,False,31367,3476,3517,4.179346164581093,4.228642249951584,0.9002382114054472,0.8991801398922142,41.893256160097536,41.94255224546802
case_176,3407,E0,soft_union_p0p5,large_ge10ml,0.4882810115814209,0.4882810115814209,5.042999267578125,0.0012023435456217184,30950,417,0.013294226416297383,0.8994710511603905,2.4414050579071045,True,False,31374,3503,3510,4.211809440312879,4.220225845132232,0.8995613154801159,0.8993808049535603,41.93413584064867,41.94255224546802
case_176,3407,E2,hard_union,large_ge10ml,0.4882810115814209,0.4882810115814209,5.042999267578125,0.0012023435456217184,29802,749,0.024516382442473242,0.8932126829125674,2.847143089697666,True,False,30551,2972,4333,3.573365017587747,5.209754583178906,0.9113444500790502,0.8757883270267172,40.30616267987686,41.94255224546802
case_176,3407,E2,soft_union_p0p5,large_ge10ml,0.4882810115814209,0.4882810115814209,5.042999267578125,0.0012023435456217184,29802,749,0.024516382442473242,0.8932305355995561,2.9296860694885254,True,False,30586,3014,4298,3.6238634465038593,5.1676725590821455,0.9102976190476191,0.876791652333448,40.39874313288974,41.94255224546802
case_011,1234,E0,hard_union,medium_1to10ml,0.4882810115814209,0.4882810115814209,5.228458404541016,0.0012465604645550948,137,102,0.42677824267782427,0.18745098039215685,16.751168789115336,True,False,239,164,1908,0.20443591618703555,2.378437366371121,0.5930521091811415,0.11131811830461108,0.5023638672157031,2.6763653173997883
case_011,1234,E0,soft_union_p0p5,medium_1to10ml,0.4882810115814209,0.4882810115814209,5.228458404541016,0.0012465604645550948,137,102,0.42677824267782427,0.20628150445909268,16.69413996081451,True,False,266,166,1881,0.20692903711614574,2.3447802338281334,0.6157407407407407,0.12389380530973451,0.5385141206878009,2.6763653173997883
case_011,1234,E2,hard_union,medium_1to10ml,0.4882810115814209,0.4882810115814209,5.228458404541016,0.0012465604645550948,631,79,0.11126760563380282,0.46557377049180326,70.42445444561498,True,False,710,193,1437,0.2405861696591333,1.791307387565671,0.7862679955703211,0.33069399161620866,1.1256440994932506,2.6763653173997883
case_011,1234,E2,soft_union_p0p5,medium_1to10ml,0.4882810115814209,0.4882810115814209,5.228458404541016,0.0012465604645550948,631,79,0.11126760563380282,0.4851421188630491,70.14525450759196,True,False,751,198,1396,0.24681897198190877,1.7401984085189124,0.7913593256059009,0.3497904052165813,1.1829858808627849,2.6763653173997883
case_017,1234,E0,hard_union,large_ge10ml,0.4882810115814209,0.4882810115814209,5.243000030517578,0.001250027396774676,3139,1283,0.2901402080506558,0.36008305850738975,64.20997998116256,True,False,4422,5949,9768,7.436412983412548,12.210267611695034,0.42638125542377786,0.3116279069767442,12.964034131950164,17.737888760232654
case_017,1234,E0,soft_union_p0p5,large_ge10ml,0.4882810115814209,0.4882810115814209,5.243000030517578,0.001250027396774676,3139,1283,0.2901402080506558,0.36974315551792264,64.13211672116081,True,False,4585,6026,9605,7.532665092964197,12.006513146020762,0.43209876543209874,0.32311486962649755,13.264040707176086,17.737888760232654
case_017,1234,E2,hard_union,large_ge10ml,0.4882810115814209,0.4882810115814209,5.243000030517578,0.001250027396774676,1533,1717,0.5283076923076923,0.2813609211323695,26.07007343724021,True,False,3250,5662,10940,7.077655120538215,13.675299720714955,0.36467684021543983,0.22903453136011276,11.140244160055913,17.737888760232654
case_017,1234,E2,soft_union_p0p5,large_ge10ml,0.4882810115814209,0.4882810115814209,5.243000030517578,0.001250027396774676,1533,1717,0.5283076923076923,0.28459921945361755,26.163368407328786,True,False,3318,5809,10872,7.261409147864093,13.590297857734278,0.36353675906650595,0.23382663847780127,11.409000050362467,17.737888760232654
case_018,1234,E0,hard_union,large_ge10ml,0.4882810115814209,0.4882810115814209,5.176000595092773,0.001234053502179605,24487,779,0.03083194807250851,0.8021079699677772,14.756963508559858,True,False,25266,5082,7385,6.271459898076752,9.113485113596383,0.8325425069197311,0.773820097393648,37.45105568414665,40.29308089966628
case_018,1234,E0,soft_union_p0p5,large_ge10ml,0.4882810115814209,0.4882810115814209,5.176000595092773,0.001234053502179605,24487,779,0.03083194807250851,0.8021580450650587,14.780976719297053,True,False,25276,5093,7375,6.285034486600728,9.101144578574587,0.8322960914090026,0.7741263667268996,37.476970807692425,40.29308089966628
case_018,1234,E2,hard_union,large_ge10ml,0.4882810115814209,0.4882810115814209,5.176000595092773,0.001234053502179605,24706,128,0.0051542240476765725,0.7842233239650109,15.839024512453848,True,False,24834,5849,7817,7.217978934248509,9.646596226537971,0.8093732685852101,0.7605892621971762,37.86446360737682,40.29308089966628
case_018,1234,E2,soft_union_p0p5,large_ge10ml,0.4882810115814209,0.4882810115814209,5.176000595092773,0.001234053502179605,24706,128,0.0051542240476765725,0.7842079528068266,15.907545152271506,True,False,24859,5889,7792,7.267341074335693,9.615744888983482,0.8084753479901132,0.7613549355303053,37.94467708501849,40.29308089966628
case_028,1234,E0,hard_union,large_ge10ml,0.408203125,0.408203125,5.0,0.0008331489562988281,74156,16869,0.1853227135402362,0.7986715860683247,5.306640625,True,False,91025,14112,31779,11.757398071289062,26.47664068222046,0.8657751314950969,0.7412217843067002,87.59478181838989,102.3140244293213
case_028,1234,E0,soft_union_p0p5,large_ge10ml,0.408203125,0.408203125,5.0,0.0008331489562988281,74156,16869,0.1853227135402362,0.8045607150643121,5.163942090360586,True,False,92263,14283,30541,11.899866542816163,25.44520227432251,0.8659452255363881,0.751302889156705,88.76868869781494,102.3140244293213
case_028,1234,E2,hard_union,large_ge10ml,0.408203125,0.408203125,5.0,0.0008331489562988281,64897,31442,0.32636834511464724,0.7801613138331471,5.400531898016541,True,False,96339,27829,26465,23.18570230484009,22.049287128448487,0.7758762322015335,0.7844939904237647,103.45043960571289,102.3140244293213
case_028,1234,E2,soft_union_p0p5,large_ge10ml,0.408203125,0.408203125,5.0,0.0008331489562988281,64897,31442,0.32636834511464724,0.7822472826855267,5.400531898016541,True,False,96834,27941,25970,23.27901498794556,21.636878395080565,0.776068924063314,0.7885248037523208,103.95616102218628,102.3140244293213
case_034,1234,E0,hard_union,medium_1to10ml,0.4375,0.4375,5.0,0.00095703125,1028,83,0.0747074707470747,0.593166043780032,91.1696992563867,True,False,1111,655,869,0.62685546875,0.83166015625,0.6291053227633069,0.5611111111111111,1.6901171875,1.8949218749999999
case_034,1234,E0,soft_union_p0p5,medium_1to10ml,0.4375,0.4375,5.0,0.00095703125,1028,83,0.0747074707470747,0.5930666666666666,91.1696992563867,True,False,1112,658,868,0.6297265625,0.830703125,0.6282485875706215,0.5616161616161616,1.6939453125,1.8949218749999999
case_034,1234,E2,hard_union,medium_1to10ml,0.4375,0.4375,5.0,0.00095703125,1573,0,0.0,0.6249503377036154,96.0960658165752,True,False,1573,1481,407,1.4173632812499999,0.38951171875,0.5150622134905043,0.7944444444444444,2.9227734375,1.8949218749999999
case_034,1234,E2,soft_union_p0p5,medium_1to10ml,0.4375,0.4375,5.0,0.00095703125,1573,0,0.0,0.6253968253968254,96.09188286916435,True,False,1576,1484,404,1.420234375,0.386640625,0.515032679738562,0.795959595959596,2.9285156249999997,1.8949218749999999
case_041,1234,E0,hard_union,small_lt1ml,0.49486300349235535,0.49486300349235535,5.0,0.0012244469611273744,448,0,0.0,0.13385121003884076,112.1570998860295,True,False,448,5619,179,6.880167474574717,0.21917600604180001,0.07384209658809955,0.7145135566188198,7.428719713159781,0.7677282446268637
case_041,1234,E0,soft_union_p0p5,small_lt1ml,0.49486300349235535,0.49486300349235535,5.0,0.0012244469611273744,448,0,0.0,0.13371138636024474,112.15395976125238,True,False,448,5626,179,6.888738603302609,0.21917600604180001,0.07375699703654923,0.7145135566188198,7.437290841887672,0.7677282446268637
case_041,1234,E2,hard_union,small_lt1ml,0.49486300349235535,0.49486300349235535,5.0,0.0012244469611273744,531,0,0.0,0.07468354430379746,115.51404806722226,True,False,531,13062,96,15.993726206245764,0.11754690826822795,0.039064224233061134,0.84688995215311,16.6439075426044,0.7677282446268637
case_041,1234,E2,soft_union_p0p5,small_lt1ml,0.49486300349235535,0.49486300349235535,5.0,0.0012244469611273744,531,0,0.0,0.07453677709152162,115.51202143555163,True,False,531,13090,96,16.028010721157333,0.11754690826822795,0.03898392188532413,0.84688995215311,16.678192057515968,0.7677282446268637
case_048,1234,E0,hard_union,large_ge10ml,0.4882810115814209,0.4882810115814209,5.392677307128906,0.0012857132055386917,30442,916,0.029211046622871356,0.7545326579963667,12.381313619564017,True,False,31358,15327,5076,19.706126301291526,6.5262802313143995,0.6716932633608226,0.8606795850030191,60.02352100057382,46.84367493059669
case_048,1234,E0,soft_union_p0p5,large_ge10ml,0.4882810115814209,0.4882810115814209,5.392677307128906,0.0012857132055386917,30442,916,0.029211046622871356,0.7540790580319596,12.466935587534424,True,False,31381,15415,5053,19.819269063378933,6.4967088275870095,0.6705915035473118,0.8613108634791679,60.16623516638862,46.84367493059669
case_048,1234,E2,hard_union,large_ge10ml,0.4882810115814209,0.4882810115814209,5.392677307128906,0.0012857132055386917,28615,3384,0.10575330479077472,0.7603331313635338,12.676512351062401,True,False,31999,15738,4435,20.23455442876793,5.702138066564098,0.670318620776337,0.8782730416643795,61.376091292800524,46.84367493059669
case_048,1234,E2,soft_union_p0p5,large_ge10ml,0.4882810115814209,0.4882810115814209,5.392677307128906,0.0012857132055386917,28615,3384,0.10575330479077472,0.7607779847868137,12.695306301116943,True,False,32055,15780,4379,20.288554383400555,5.630138127053931,0.6701160238319223,0.8798100675193501,61.50209118694332,46.84367493059669
case_052,1234,E0,hard_union,large_ge10ml,0.48828125,0.48828125,5.0,0.0011920928955078125,57602,1834,0.030856719833097786,0.923335042177378,1.46484375,True,False,59436,5224,4646,6.2274932861328125,5.538463592529297,0.9192081657902876,0.9274991417246653,77.08072662353516,76.39169692993164
case_052,1234,E0,soft_union_p0p5,large_ge10ml,0.48828125,0.48828125,5.0,0.0011920928955078125,57602,1834,0.030856719833097786,0.9237846979782464,1.46484375,True,False,59537,5279,4545,6.293058395385742,5.418062210083008,0.9185540607257467,0.9290752473393464,77.26669311523438,76.39169692993164
case_052,1234,E2,hard_union,large_ge10ml,0.48828125,0.48828125,5.0,0.0011920928955078125,51247,7764,0.13156869058311163,0.9126141521616418,3.41796875,True,False,59011,6230,5071,7.426738739013672,6.045103073120117,0.9045079014730001,0.9208670141381355,77.7733325958252,76.39169692993164
case_052,1234,E2,soft_union_p0p5,large_ge10ml,0.48828125,0.48828125,5.0,0.0011920928955078125,51247,7764,0.13156869058311163,0.912649113047778,3.41796875,True,False,59063,6287,5019,7.494688034057617,5.983114242553711,0.9037949502677888,0.921678474454605,77.90327072143555,76.39169692993164
case_053,1234,E0,hard_union,large_ge10ml,0.431640625,0.431640625,5.16455078125,0.0009622261989861729,13451,1824,0.11941080196399345,0.7996754181608774,9.46818839192282,True,False,15275,2745,4908,2.6413109162170447,4.722606184624136,0.847669256381798,0.7568250507853144,17.339316105730834,19.420611374137927
case_053,1234,E0,soft_union_p0p5,large_ge10ml,0.431640625,0.431640625,5.16455078125,0.0009622261989861729,13451,1824,0.11941080196399345,0.8008982426821945,9.495681354499022,True,False,15336,2778,4847,2.6730643807835883,4.66391038648598,0.846637959589268,0.7598473963236387,17.429765368435536,19.420611374137927
case_053,1234,E2,hard_union,large_ge10ml,0.431640625,0.431640625,5.16455078125,0.0009622261989861729,12891,3295,0.20357098727295195,0.7531700053512017,49.49827410027555,True,False,16186,6612,3997,6.362239627696575,3.846018117347733,0.7099745591718571,0.8019620472675023,21.93683288448677,19.420611374137927
case_053,1234,E2,soft_union_p0p5,large_ge10ml,0.431640625,0.431640625,5.16455078125,0.0009622261989861729,12891,3295,0.20357098727295195,0.7538015089959373,49.47515679892459,True,False,16235,6657,3948,6.405539806650952,3.7988690335974105,0.7091997204263498,0.8043898330277957,22.027282147191467,19.420611374137927
case_055,1234,E0,hard_union,large_ge10ml,0.4947509765625,0.4947509765625,5.0,0.001223892644047737,36401,3565,0.08920082069759296,0.8685711801971161,5.0,True,False,39966,6388,5707,7.818226210176944,6.984755319580436,0.8621909651809984,0.8750465263941497,56.732319622188804,55.898848731592295
case_055,1234,E0,soft_union_p0p5,large_ge10ml,0.4947509765625,0.4947509765625,5.0,0.001223892644047737,36401,3565,0.08920082069759296,0.8682374135854053,5.0,True,False,40001,6469,5672,7.917361514344811,6.941919077038765,0.8607919087583387,0.8758128434742627,56.874291168898345,55.898848731592295
case_055,1234,E2,hard_union,large_ge10ml,0.4947509765625,0.4947509765625,5.0,0.001223892644047737,35122,4974,0.12405227454110136,0.8638028351070706,5.0,True,False,40096,7067,5577,8.649249315485358,6.8256492758542295,0.8501579628098297,0.8778928469774265,57.722448771223426,55.898848731592295
case_055,1234,E2,soft_union_p0p5,large_ge10ml,0.4947509765625,0.4947509765625,5.0,0.001223892644047737,35122,4974,0.12405227454110136,0.8634608559106015,5.0,True,False,40141,7163,5532,8.766743009313942,6.770574106872082,0.8485751733468628,0.8788781117947146,57.895017634034154,55.898848731592295
case_068,1234,E0,hard_union,large_ge10ml,0.48828125,0.48828125,5.3740234375,0.0012812670320272446,7150,374,0.049707602339181284,0.45053892215568864,25.72019670137446,True,False,7524,10669,7683,13.669837964698672,9.84397460706532,0.4135656571208707,0.4947721444071809,23.31009111367166,19.484227756038308
case_068,1234,E0,soft_union_p0p5,large_ge10ml,0.48828125,0.48828125,5.3740234375,0.0012812670320272446,7150,374,0.049707602339181284,0.45110494766037396,25.731078371592574,True,False,7563,10761,7644,13.787714531645179,9.794005192816257,0.4127373935821873,0.4973367528112054,23.47793709486723,19.484227756038308
case_068,1234,E2,hard_union,large_ge10ml,0.48828125,0.48828125,5.3740234375,0.0012812670320272446,7836,166,0.02074481379655086,0.42490375680339837,24.4140625,True,False,8002,14456,7205,18.521996214985847,9.231528965756297,0.35630955561492567,0.5262050371539423,28.77469500526786,19.484227756038308
case_068,1234,E2,soft_union_p0p5,large_ge10ml,0.48828125,0.48828125,5.3740234375,0.0012812670320272446,7836,166,0.02074481379655086,0.4245751082022591,24.793110180394326,True,False,8044,14641,7163,18.759030615910888,9.177715750411153,0.3545955477187569,0.528966923127507,29.065542621538043,19.484227756038308
case_069,1234,E0,hard_union,medium_1to10ml,0.4882810115814209,0.4882810115814209,2.5830001831054688,0.0006158346320736331,2588,0,0.0,0.430508192630791,9.959017624681959,True,False,2588,385,6462,0.23709633334834876,3.9795233924598175,0.8705011772620249,0.2859668508287293,1.8308763611549113,5.57330342026638
case_069,1234,E0,soft_union_p0p5,medium_1to10ml,0.4882810115814209,0.4882810115814209,2.5830001831054688,0.0006158346320736331,2588,0,0.0,0.43099434652477553,9.956601501800556,True,False,2592,386,6458,0.23771216798042238,3.9770600539315226,0.8703828072531901,0.2864088397790055,1.8339555343152794,5.57330342026638
case_069,1234,E2,hard_union,medium_1to10ml,0.4882810115814209,0.4882810115814209,2.5830001831054688,0.0006158346320736331,1908,2016,0.5137614678899083,0.3933046005813371,13.035762382637033,True,False,3924,6980,5126,4.298525731873959,3.1567683240094433,0.3598679383712399,0.4335911602209945,6.715060828130896,5.57330342026638
case_069,1234,E2,soft_union_p0p5,medium_1to10ml,0.4882810115814209,0.4882810115814209,2.5830001831054688,0.0006158346320736331,1908,2016,0.5137614678899083,0.39672781358453146,13.035762382637033,True,False,4001,7119,5049,4.384126745732194,3.1093490573397737,0.3598021582733813,0.44209944751381214,6.848081108658801,5.57330342026638
case_071,1234,E0,hard_union,large_ge10ml,0.48828125,0.48828125,5.0,0.0011920928955078125,54254,546,0.009963503649635037,0.8804697981185582,5.0,True,False,54800,5270,9609,6.282329559326172,11.45482063293457,0.9122690194772766,0.8508127746122436,71.6090202331543,76.7815113067627
case_071,1234,E0,soft_union_p0p5,large_ge10ml,0.48828125,0.48828125,5.0,0.0011920928955078125,54254,546,0.009963503649635037,0.880685330742736,5.0,True,False,54846,5298,9563,6.315708160400391,11.399984359741211,0.9119114126097366,0.8515269605179401,71.69723510742188,76.7815113067627
case_071,1234,E2,hard_union,large_ge10ml,0.48828125,0.48828125,5.0,0.0011920928955078125,52219,2869,0.052080307871042696,0.8779733681836654,5.0,True,False,55088,5992,9321,7.1430206298828125,11.11149787902832,0.9018991486574983,0.8552841994131255,72.81303405761719,76.7815113067627
case_071,1234,E2,soft_union_p0p5,large_ge10ml,0.48828125,0.48828125,5.0,0.0011920928955078125,52219,2869,0.052080307871042696,0.8794074592668024,5.0,True,False,55269,6018,9140,7.174015045166016,10.895729064941406,0.9018062558128151,0.8580943656942353,73.0597972869873,76.7815113067627
case_074,1234,E0,hard_union,medium_1to10ml,0.48828125,0.48828125,5.17626953125,0.001234118826687336,1885,386,0.16996917657419638,0.7191260291323622,10.79068985306,True,False,2271,136,1638,0.1678401604294777,2.0214866381138563,0.9434981304528459,0.5809669992325402,2.9705240158364177,4.824170493520796
case_074,1234,E0,soft_union_p0p5,medium_1to10ml,0.48828125,0.48828125,5.17626953125,0.001234118826687336,1885,386,0.16996917657419638,0.7241759974767387,10.758697598115445,True,False,2296,136,1613,0.1678401604294777,1.990633667446673,0.944078947368421,0.5873624968022512,3.001376986503601,4.824170493520796
case_074,1234,E2,hard_union,medium_1to10ml,0.48828125,0.48828125,5.17626953125,0.001234118826687336,2649,231,0.08020833333333334,0.6252713851498046,116.45945234195244,True,False,2880,2423,1029,2.990269917063415,1.2699082726612687,0.5430888176503865,0.7367613200306984,6.544532137922943,4.824170493520796
case_074,1234,E2,soft_union_p0p5,medium_1to10ml,0.48828125,0.48828125,5.17626953125,0.001234118826687336,2649,231,0.08020833333333334,0.6280025968405107,116.4616681805186,True,False,2902,2431,1007,3.0001428676769137,1.2427576584741473,0.5441590099381212,0.742389357892044,6.581555702723563,4.824170493520796
case_079,1234,E0,hard_union,small_lt1ml,0.4882810115814209,0.4882810115814209,2.5,0.0005960458656774393,0,0,nan,0.0,74.97694014168636,True,False,0,40,88,0.02384183462709757,0.05245203617961466,0.0,0.0,0.02384183462709757,0.05245203617961466
case_079,1234,E0,soft_union_p0p5,small_lt1ml,0.4882810115814209,0.4882810115814209,2.5,0.0005960458656774393,0,0,nan,0.0,74.97694014168636,True,False,0,40,88,0.02384183462709757,0.05245203617961466,0.0,0.0,0.02384183462709757,0.05245203617961466
case_079,1234,E2,hard_union,small_lt1ml,0.4882810115814209,0.4882810115814209,2.5,0.0005960458656774393,0,0,nan,0.0,54.74331172703696,True,False,0,298,88,0.1776216679718769,0.05245203617961466,0.0,0.0,0.1776216679718769,0.05245203617961466
case_079,1234,E2,soft_union_p0p5,small_lt1ml,0.4882810115814209,0.4882810115814209,2.5,0.0005960458656774393,0,0,nan,0.0,54.900071171883496,True,False,0,314,88,0.18715840182271593,0.05245203617961466,0.0,0.0,0.18715840182271593,0.05245203617961466
case_080,1234,E0,hard_union,large_ge10ml,0.4882810115814209,0.4882810115814209,5.0,0.0011920917313548785,7150,1545,0.17768832662449685,0.7827691753691034,5.0,True,False,8695,1739,3087,2.0730475208261336,3.67998717469251,0.8333333333333334,0.7379901544729248,12.438285124956803,14.04522477882318
case_080,1234,E0,soft_union_p0p5,large_ge10ml,0.4882810115814209,0.4882810115814209,5.0,0.0011920917313548785,7150,1545,0.17768832662449685,0.7840668974508834,5.0,True,False,8720,1741,3062,2.0754317042888433,3.650184881408638,0.8335723162221584,0.7401120353080971,12.470471601703384,14.04522477882318
case_080,1234,E2,hard_union,large_ge10ml,0.4882810115814209,0.4882810115814209,5.0,0.0011920917313548785,6582,109,0.016290539530712897,0.6717871485943775,6.815984973896862,True,False,6691,1447,5091,1.7249567352705093,6.068939004327686,0.8221921848119931,0.5679001867255135,9.701242509766,14.04522477882318
case_080,1234,E2,soft_union_p0p5,large_ge10ml,0.4882810115814209,0.4882810115814209,5.0,0.0011920917313548785,6582,109,0.016290539530712897,0.6764279646194593,6.640701111089649,True,False,6768,1461,5014,1.7416460195094774,5.977147941013361,0.8224571636893911,0.5744355796978442,9.809722857319295,14.04522477882318
case_086,1234,E0,hard_union,large_ge10ml,0.48828125,0.48828125,5.373893737792969,0.0012812361092073843,29277,41560,0.5866990414613832,0.8076043893401739,6.9419477679047,True,False,70837,529,33222,0.6777739017707063,42.56522602008772,0.9925875066558305,0.6807388116357067,91.43669616969419,133.3241482880112
case_086,1234,E0,soft_union_p0p5,large_ge10ml,0.48828125,0.48828125,5.373893737792969,0.0012812361092073843,29277,41560,0.5866990414613832,0.821086442015102,6.803182356772788,True,False,72855,546,31204,0.6995549156272318,39.97969155170722,0.9925614092451056,0.700131656079724,94.04401165193121,133.3241482880112
case_086,1234,E2,hard_union,large_ge10ml,0.48828125,0.48828125,5.373893737792969,0.0012812361092073843,42421,21217,0.3334014268204532,0.752738283929881,8.316938966546198,True,False,63638,1387,40421,1.777074483470642,51.78884477027168,0.9786697424067666,0.6115569052172325,83.31237800121016,133.3241482880112
case_086,1234,E2,soft_union_p0p5,large_ge10ml,0.48828125,0.48828125,5.373893737792969,0.0012812361092073843,42421,21217,0.3334014268204532,0.7763399822515066,8.185085260859477,True,False,66924,1426,37135,1.82704269172973,47.578702915416216,0.9791367959034382,0.64313514448534,87.57248806432472,133.3241482880112
case_094,1234,E0,hard_union,medium_1to10ml,0.4882810115814209,0.4882810115814209,2.546999931335449,0.0006072515115812865,37,6193,0.9940609951845907,0.7977974132411321,2.546999931335449,True,False,6230,1237,1921,0.7511701198260514,1.1665301537476513,0.8343377527788938,0.7643233959023432,4.534347036977467,4.949707070899066
case_094,1234,E0,soft_union_p0p5,medium_1to10ml,0.4882810115814209,0.4882810115814209,2.546999931335449,0.0006072515115812865,37,6193,0.9940609951845907,0.8005282354420827,2.546999931335449,True,False,6365,1386,1786,0.8416505950516631,1.0845511996841777,0.8211843633079603,0.7808857808857809,4.706806466266552,4.949707070899066
case_094,1234,E2,hard_union,medium_1to10ml,0.4882810115814209,0.4882810115814209,2.546999931335449,0.0006072515115812865,3674,3710,0.5024377031419285,0.7860336384926548,2.546999931335449,True,False,7384,3253,767,1.975389167173925,0.46576190938284673,0.6941806900441854,0.9059011164274322,6.459334328690145,4.949707070899066
case_094,1234,E2,soft_union_p0p5,medium_1to10ml,0.4882810115814209,0.4882810115814209,2.546999931335449,0.0006072515115812865,3674,3710,0.5024377031419285,0.7870619946091644,2.546999931335449,True,False,7446,3324,705,2.0185040244961963,0.428112315664807,0.6913649025069638,0.9135075450864925,6.540098779730456,4.949707070899066
case_095,1234,E0,hard_union,large_ge10ml,0.4882810115814209,0.4882810115814209,5.392673492431641,0.0012857122960448781,39626,751,0.01859969784778463,0.7687562473225761,8.022894904215017,True,False,40377,4350,19941,5.592848487795219,25.638388895430914,0.9027433094104232,0.6694021685069134,57.50605386519926,77.55159427283496
case_095,1234,E0,soft_union_p0p5,large_ge10ml,0.4882810115814209,0.4882810115814209,5.392673492431641,0.0012857122960448781,39626,751,0.01859969784778463,0.7694576032570439,7.993122415648175,True,False,40445,4363,19873,5.609562747643803,25.550960459299862,0.9026289948223531,0.6705295268410756,57.610196561178896,77.55159427283496
case_095,1234,E2,hard_union,large_ge10ml,0.4882810115814209,0.4882810115814209,5.392673492431641,0.0012857122960448781,36666,3291,0.08236354080636685,0.7461206655089351,8.329083257824342,True,False,39957,6831,20361,8.782700694282562,26.178388059769762,0.854001025904078,0.6624390729135582,60.155906907347756,77.55159427283496
case_095,1234,E2,soft_union_p0p5,large_ge10ml,0.4882810115814209,0.4882810115814209,5.392673492431641,0.0012857122960448781,36666,3291,0.08236354080636685,0.7476186037841365,8.315823864188387,True,False,40106,6866,20212,8.827700624644134,25.986816927659078,0.8538278123137188,0.6649093139692961,60.392477969820014,77.55159427283496
case_096,1234,E0,hard_union,medium_1to10ml,0.49486300349235535,0.49486300349235535,5.0,0.0012244469611273744,1074,0,0.0,0.5074415308291992,59.716280304125185,True,False,1074,378,1707,0.46284095130614755,2.090130962644428,0.7396694214876033,0.3861920172599784,1.7778969875569477,3.4051869988952284
case_096,1234,E0,soft_union_p0p5,medium_1to10ml,0.49486300349235535,0.49486300349235535,5.0,0.0012244469611273744,1074,0,0.0,0.5074345055463771,59.74249405222112,True,False,1075,381,1706,0.46651429218952967,2.0889065156833007,0.7383241758241759,0.38655160014383316,1.7827947754014573,3.4051869988952284
case_096,1234,E2,hard_union,medium_1to10ml,0.49486300349235535,0.49486300349235535,5.0,0.0012244469611273744,352,247,0.41235392320534225,0.31214174048983845,61.112756829435305,True,False,599,458,2182,0.5607967081963375,2.671743269179931,0.5666982024597919,0.21539014742898238,1.2942404379116348,3.4051869988952284
case_096,1234,E2,soft_union_p0p5,medium_1to10ml,0.49486300349235535,0.49486300349235535,5.0,0.0012244469611273744,352,247,0.41235392320534225,0.3134521043119029,61.82181807541187,True,False,607,485,2174,0.5938567761467766,2.661947693490912,0.5558608058608059,0.21826681049982022,1.3370960815510928,3.4051869988952284
case_107,1234,E0,hard_union,large_ge10ml,0.4882810115814209,0.4882810115814209,5.392673492431641,0.0012857122960448781,20457,1586,0.07195027900013609,0.6879300928454396,8.300777196884155,True,False,22043,9105,10894,11.706410455488616,14.006549753112902,0.7076858867343008,0.6692473510034308,40.047366597205865,42.34750589483015
case_107,1234,E0,soft_union_p0p5,large_ge10ml,0.4882810115814209,0.4882810115814209,5.392673492431641,0.0012857122960448781,20457,1586,0.07195027900013609,0.6889569693482419,8.257211162639289,True,False,22151,9215,10786,11.847838808053552,13.867692825140056,0.7062105464515718,0.672526338160731,40.32765187774365,42.34750589483015
case_107,1234,E2,hard_union,large_ge10ml,0.4882810115814209,0.4882810115814209,5.392673492431641,0.0012857122960448781,21589,2301,0.09631645039765592,0.7150339708479243,6.403268283425555,True,False,23890,9995,9047,12.850694398968557,11.631839142318013,0.7050317249520437,0.7253241035917054,43.56636115148069,42.34750589483015
case_107,1234,E2,soft_union_p0p5,large_ge10ml,0.4882810115814209,0.4882810115814209,5.392673492431641,0.0012857122960448781,21589,2301,0.09631645039765592,0.7148659141133608,6.440394506710408,True,False,23938,10097,8999,12.981837053165135,11.570124952107857,0.7033348024092846,0.7267814312171722,43.759217995887425,42.34750589483015
case_112,1234,E0,hard_union,large_ge10ml,0.4882810115814209,0.4882810115814209,5.0,0.0011920917313548785,47411,9586,0.1681842904012492,0.9301532385723844,2.4414050579071045,True,False,56997,2256,6304,2.689358945936606,7.514946274461154,0.9619259784314719,0.9004123157612044,70.63501135797061,75.46059868649516
case_112,1234,E0,soft_union_p0p5,large_ge10ml,0.4882810115814209,0.4882810115814209,5.0,0.0011920917313548785,47411,9586,0.1681842904012492,0.9303285374049787,2.4414050579071045,True,False,57031,2272,6270,2.708432413638284,7.474415155595088,0.9616882788391818,0.9009494320784822,70.69461594453836,75.46059868649516
case_112,1234,E2,hard_union,large_ge10ml,0.4882810115814209,0.4882810115814209,5.0,0.0011920917313548785,49668,7167,0.12610187384534177,0.9246951442726171,4.394529104232788,True,False,56835,2791,6466,3.327128022211466,7.708065134940645,0.9531915607285413,0.8978531144847632,71.07966157376599,75.46059868649516
case_112,1234,E2,soft_union_p0p5,large_ge10ml,0.4882810115814209,0.4882810115814209,5.0,0.0011920917313548785,49668,7167,0.12610187384534177,0.9247470969001074,4.394529104232788,True,False,56859,2812,6442,3.3521619485699183,7.6794549333881275,0.9528749308709423,0.8982322554146064,71.13330570167696,75.46059868649516
case_117,1234,E0,hard_union,small_lt1ml,0.4882810115814209,0.4882810115814209,2.531163215637207,0.0006034757480141479,153,0,0.0,0.42618384401114207,104.89571140818583,True,False,153,235,177,0.14181680078332476,0.10681520739850418,0.3943298969072165,0.4636363636363636,0.2341485902294894,0.19914699684466883
case_117,1234,E0,soft_union_p0p5,small_lt1ml,0.4882810115814209,0.4882810115814209,2.531163215637207,0.0006034757480141479,153,0,0.0,0.42032967032967034,105.09919909779956,True,False,153,245,177,0.14785155826346624,0.10681520739850418,0.3844221105527638,0.4636363636363636,0.24018334770963087,0.19914699684466883
case_117,1234,E2,hard_union,small_lt1ml,0.4882810115814209,0.4882810115814209,2.531163215637207,0.0006034757480141479,155,0,0.0,0.28233151183970856,113.18016811792718,True,False,155,613,175,0.3699306335326727,0.10560825590247588,0.20182291666666666,0.4696969696969697,0.4634693744748656,0.19914699684466883
case_117,1234,E2,soft_union_p0p5,small_lt1ml,0.4882810115814209,0.4882810115814209,2.531163215637207,0.0006034757480141479,155,0,0.0,0.2775290957923008,113.16430294066862,True,False,155,632,175,0.3813966727449415,0.10560825590247588,0.19695044472681067,0.4696969696969697,0.47493541368713443,0.19914699684466883
case_121,1234,E0,hard_union,large_ge10ml,0.4882810115814209,0.4882810115814209,5.563000202178955,0.0013263213085086094,54403,5010,0.08432497938161682,0.7985725614591594,8.813453756533493,True,False,59413,3185,26787,4.224333367599921,35.52816889102012,0.9491197801846705,0.689245939675174,83.02506127002194,114.32889679344213
case_121,1234,E0,soft_union_p0p5,large_ge10ml,0.4882810115814209,0.4882810115814209,5.563000202178955,0.0013263213085086094,54403,5010,0.08432497938161682,0.7996858238062312,8.802611120461195,True,False,59561,3200,26639,4.2442281872275505,35.33187333736085,0.9490129220375711,0.6909628770301625,83.24125164330883,114.32889679344213
case_121,1234,E2,hard_union,large_ge10ml,0.4882810115814209,0.4882810115814209,5.563000202178955,0.0013263213085086094,57396,5981,0.09437177524969627,0.8196343931663724,7.948638988016034,True,False,63377,5070,22823,6.724449034138649,30.270631224091993,0.925928090347276,0.7352320185614849,90.78271460348878,114.32889679344213
case_121,1234,E2,soft_union_p0p5,large_ge10ml,0.4882810115814209,0.4882810115814209,5.563000202178955,0.0013263213085086094,57396,5981,0.09437177524969627,0.8221439719330831,7.873294737938729,True,False,63740,5118,22460,6.788112456947063,29.789176589103366,0.9256731244009411,0.7394431554524362,91.32783266128583,114.32889679344213
case_122,1234,E0,hard_union,medium_1to10ml,0.4882810115814209,0.4882810115814209,5.121000289916992,0.0012209404203751973,4976,373,0.06973266031033838,0.7527971289845894,5.121000289916992,True,False,5349,1078,2435,1.3161737731644627,2.9729899236136057,0.8322701104714486,0.6871788283658787,7.846984081751393,9.503800232200536
case_122,1234,E0,soft_union_p0p5,medium_1to10ml,0.4882810115814209,0.4882810115814209,5.121000289916992,0.0012209404203751973,4976,373,0.06973266031033838,0.7534439134101771,5.121000289916992,True,False,5360,1084,2424,1.323499415686714,2.959559578989478,0.8317815021725636,0.6885919835560124,7.867740068897771,9.503800232200536
case_122,1234,E2,hard_union,medium_1to10ml,0.4882810115814209,0.4882810115814209,5.121000289916992,0.0012209404203751973,5275,206,0.03758438241196862,0.7286141575274178,16.61296792659444,True,False,5481,1780,2303,2.1732739482678514,2.8118257881240796,0.7548547032089243,0.704136690647482,8.865248392344308,9.503800232200536
case_122,1234,E2,soft_union_p0p5,medium_1to10ml,0.4882810115814209,0.4882810115814209,5.121000289916992,0.0012209404203751973,5275,206,0.03758438241196862,0.7289024633158488,16.638790303811536,True,False,5489,1788,2295,2.183041471630853,2.8020582647610777,0.75429435206816,0.7051644398766701,8.884783439070311,9.503800232200536
case_126,1234,E0,hard_union,medium_1to10ml,0.4882810115814209,0.4882810115814209,5.188999176025391,0.0012371526023494293,3539,114,0.031207226936764303,0.4776724419745015,36.72055640755306,True,False,3653,5704,2285,7.056718443801144,2.8268936963684457,0.3904029069146094,0.6151902997642303,11.57603690018361,7.346212152750911
case_126,1234,E0,soft_union_p0p5,medium_1to10ml,0.4882810115814209,0.4882810115814209,5.188999176025391,0.0012371526023494293,3539,114,0.031207226936764303,0.475385315731287,36.720394083848475,True,False,3655,5784,2283,7.155690651989099,2.824419391163747,0.3872232227990253,0.615527113506231,11.677483413576264,7.346212152750911
case_126,1234,E2,hard_union,medium_1to10ml,0.4882810115814209,0.4882810115814209,5.188999176025391,0.0012371526023494293,3291,111,0.03262786596119929,0.44569631861653347,55.6634762247049,True,False,3402,5926,2536,7.331366321522718,3.1374189995581525,0.3647084048027444,0.5729201751431459,11.540159474715477,7.346212152750911
case_126,1234,E2,soft_union_p0p5,medium_1to10ml,0.4882810115814209,0.4882810115814209,5.188999176025391,0.0012371526023494293,3291,111,0.03262786596119929,0.44176550651370794,55.58831054709354,True,False,3408,6083,2530,7.525599280091578,3.129996083944056,0.3590770203350543,0.5739306163691479,11.741815348898433,7.346212152750911
case_129,1234,E0,hard_union,large_ge10ml,0.48828125,0.48828125,5.431884765625,0.001295062247663736,5493,0,0.0,0.503068046524407,12.80766466592241,True,False,5493,4980,5872,6.449409993365405,7.604605518281457,0.5244915496992266,0.4833260008798944,13.563186919782305,14.718382444698358
case_129,1234,E0,soft_union_p0p5,large_ge10ml,0.48828125,0.48828125,5.431884765625,0.001295062247663736,5493,0,0.0,0.49400888569761703,13.416792425707499,True,False,5504,5414,5861,7.011467008851466,7.590359833557156,0.5041216339989009,0.48429388473383195,14.139489619992668,14.718382444698358
case_129,1234,E2,hard_union,large_ge10ml,0.48828125,0.48828125,5.431884765625,0.001295062247663736,8087,150,0.018210513536481728,0.589135643528949,13.226515238678028,True,False,8237,8361,3128,10.828015452716496,4.0509547106921655,0.49626461019399926,0.724769027716674,21.49544318672269,14.718382444698358
case_129,1234,E2,soft_union_p0p5,large_ge10ml,0.48828125,0.48828125,5.431884765625,0.001295062247663736,8087,150,0.018210513536481728,0.5816038401807144,13.540612212966737,True,False,8239,8728,3126,11.303303297609087,4.048364586196838,0.4855896740732009,0.7249450065992081,21.973321156110607,14.718382444698358
case_133,1234,E0,hard_union,large_ge10ml,0.48828125,0.48828125,5.0,0.0011920928955078125,19042,1877,0.08972704240164443,0.6528720565516596,8.25552922697163,True,False,20919,3040,19205,3.62396240234375,22.89414405822754,0.873116574147502,0.5213587877579503,28.56135368347168,47.83153533935547
case_133,1234,E0,soft_union_p0p5,large_ge10ml,0.48828125,0.48828125,5.0,0.0011920928955078125,19042,1877,0.08972704240164443,0.6609307661302825,7.453289805895385,True,False,21317,3065,18807,3.6537647247314453,22.41969108581543,0.8742925108686737,0.531278038081946,29.065608978271484,47.83153533935547
case_133,1234,E2,hard_union,large_ge10ml,0.48828125,0.48828125,5.0,0.0011920928955078125,24401,1727,0.06609767299448867,0.7209116243136605,10.064489321992447,True,False,26128,6234,13996,7.431507110595703,16.684532165527344,0.8073666646066374,0.6511813378526567,38.57851028442383,47.83153533935547
case_133,1234,E2,soft_union_p0p5,large_ge10ml,0.48828125,0.48828125,5.0,0.0011920928955078125,24401,1727,0.06609767299448867,0.7280940712652805,10.05942806005927,True,False,26594,6333,13530,7.549524307250977,16.129016876220703,0.8076654417347465,0.6627953344631642,39.25204277038574,47.83153533935547
case_135,1234,E0,hard_union,small_lt1ml,0.48828125,0.48828125,5.32080078125,0.0012685777619481082,75,0,0.0,0.5639097744360902,68.62042631070462,True,False,75,71,45,0.09006902109831569,0.05708599928766487,0.5136986301369864,0.625,0.1852123532444238,0.15222933143377299
case_135,1234,E0,soft_union_p0p5,small_lt1ml,0.48828125,0.48828125,5.32080078125,0.0012685777619481082,75,0,0.0,0.5799256505576208,68.61156454323574,True,False,78,71,42,0.09006902109831569,0.05328026600182054,0.5234899328859061,0.65,0.18901808653026814,0.15222933143377299
case_135,1234,E2,hard_union,small_lt1ml,0.48828125,0.48828125,5.32080078125,0.0012685777619481082,105,0,0.0,0.3825136612021858,129.76941030048962,True,False,105,324,15,0.41101919487118704,0.019028666429221623,0.24475524475524477,0.875,0.5442198598757384,0.15222933143377299
case_135,1234,E2,soft_union_p0p5,small_lt1ml,0.48828125,0.48828125,5.32080078125,0.0012685777619481082,105,0,0.0,0.3825136612021858,129.76941030048962,True,False,105,324,15,0.41101919487118704,0.019028666429221623,0.24475524475524477,0.875,0.5442198598757384,0.15222933143377299
case_137,1234,E0,hard_union,large_ge10ml,0.3984380066394806,0.3984380066394806,5.142000198364258,0.0008163071611742521,11682,0,0.0,0.9292816800572746,0.8909344676653912,True,False,11682,164,1614,0.13387437443257733,1.317519758135243,0.9861556643592774,0.8786101083032491,9.66997463127019,10.853620014972856
case_137,1234,E0,soft_union_p0p5,large_ge10ml,0.3984380066394806,0.3984380066394806,5.142000198364258,0.0008163071611742521,11682,0,0.0,0.9292447202004535,0.8909344676653912,True,False,11682,165,1614,0.13469068159375158,1.317519758135243,0.9860724233983287,0.8786101083032491,9.670790938431365,10.853620014972856
case_137,1234,E2,hard_union,large_ge10ml,0.3984380066394806,0.3984380066394806,5.142000198364258,0.0008163071611742521,12425,0,0.0,0.9406109239562436,0.7968760132789612,True,False,12425,698,871,0.569782398499628,0.7110035373827736,0.9468109426198278,0.9344915764139591,10.71239887608971,10.853620014972856
case_137,1234,E2,soft_union_p0p5,large_ge10ml,0.3984380066394806,0.3984380066394806,5.142000198364258,0.0008163071611742521,12425,0,0.0,0.9406555143441072,0.7968760132789612,True,False,12427,699,869,0.5705987056608022,0.709370923060425,0.9467469145207984,0.9346419975932612,10.714847797573233,10.853620014972856
case_138,1234,E0,hard_union,large_ge10ml,0.4947509765625,0.4947509765625,5.0,0.001223892644047737,40879,735,0.01766232517902629,0.909406789846917,34.16197588832088,True,False,41614,504,7787,0.6168418926000595,9.530452019199728,0.9880336198300014,0.8423716119106901,51.54791038200259,60.46152050860226
case_138,1234,E0,soft_union_p0p5,large_ge10ml,0.4947509765625,0.4947509765625,5.0,0.001223892644047737,40879,735,0.01766232517902629,0.9097123637713762,33.706462359858875,True,False,41653,520,7748,0.6364241749048233,9.482720206081867,0.9876698361510919,0.8431610696139754,51.615224477425215,60.46152050860226
case_138,1234,E2,hard_union,large_ge10ml,0.4947509765625,0.4947509765625,5.0,0.001223892644047737,44188,184,0.004146759217524565,0.9222263790165025,20.098009778953298,True,False,44372,2455,5029,3.0046564411371945,6.15495610691607,0.9475729813996199,0.8982004412866136,57.31122084282339,60.46152050860226
case_138,1234,E2,soft_union_p0p5,large_ge10ml,0.4947509765625,0.4947509765625,5.0,0.001223892644047737,44188,184,0.004146759217524565,0.9222731191507484,20.921541591544706,True,False,44395,2477,5006,3.031582079306245,6.126806576102972,0.9471539511862093,0.8986660189064999,57.36629601180553,60.46152050860226
case_141,1234,E0,hard_union,medium_1to10ml,0.48828125,0.48828125,5.0,0.0011920928955078125,3097,833,0.21195928753180662,0.7522970903522205,116.24024949534943,True,False,3930,1559,1029,1.8584728240966797,1.226663589477539,0.7159774093641829,0.7924984875983061,6.543397903442383,5.911588668823242
case_141,1234,E0,soft_union_p0p5,medium_1to10ml,0.48828125,0.48828125,5.0,0.0011920928955078125,3097,833,0.21195928753180662,0.7505012890289315,116.3581271350862,True,False,3930,1584,1029,1.888275146484375,1.226663589477539,0.7127312295973884,0.7924984875983061,6.573200225830078,5.911588668823242
case_141,1234,E2,hard_union,medium_1to10ml,0.48828125,0.48828125,5.0,0.0011920928955078125,3382,847,0.20028375502482856,0.703719111406939,121.74494763710122,True,False,4229,2831,730,3.374814987182617,0.8702278137207031,0.5990084985835694,0.8527929017947167,8.416175842285156,5.911588668823242
case_141,1234,E2,soft_union_p0p5,medium_1to10ml,0.48828125,0.48828125,5.0,0.0011920928955078125,3382,847,0.20028375502482856,0.7003060633633882,121.84412560036392,True,False,4233,2897,726,3.453493118286133,0.8654594421386719,0.5936886395511921,0.853599516031458,8.499622344970703,5.911588668823242
case_149,1234,E0,hard_union,large_ge10ml,0.48828125,0.48828125,5.431884765625,0.001295062247663736,72726,1076,0.014579550689683207,0.9268871627095016,3.452669830012439,True,False,73802,4469,7174,5.787633184809236,9.290776564739641,0.9429035019355828,0.9114058486465125,101.36581718688828,104.86896056681869
case_149,1234,E0,soft_union_p0p5,large_ge10ml,0.48828125,0.48828125,5.431884765625,0.001295062247663736,72726,1076,0.014579550689683207,0.9267652671755725,3.452669830012439,True,False,73815,4505,7161,5.8342554257251305,9.273940755520012,0.9424795709908069,0.9115663900414938,101.4292752370238,104.86896056681869
case_149,1234,E2,hard_union,large_ge10ml,0.48828125,0.48828125,5.431884765625,0.001295062247663736,75731,104,0.0013713984308037187,0.9301655249391317,3.521046167445302,True,False,75835,6246,5141,8.088958798907694,6.657915015239266,0.9239044358621362,0.9365120529539617,106.3000043504871,104.86896056681869
case_149,1234,E2,soft_union_p0p5,large_ge10ml,0.48828125,0.48828125,5.431884765625,0.001295062247663736,75731,104,0.0013713984308037187,0.929932402203823,3.7186392118476115,True,False,75869,6326,5107,8.192563778720793,6.6138828988187,0.923036681063325,0.936931930448528,106.44764144672077,104.86896056681869
case_151,1234,E0,hard_union,large_ge10ml,0.4882810115814209,0.4882810115814209,5.0,0.0011920917313548785,8381,260,0.0300891100567064,0.8474892114554727,5.0,True,False,8641,2167,943,2.5832627818460216,1.1241425026676504,0.799500370096225,0.9016068447412354,12.884127432483528,11.425007153305156
case_151,1234,E0,soft_union_p0p5,large_ge10ml,0.4882810115814209,0.4882810115814209,5.0,0.0011920917313548785,8381,260,0.0300891100567064,0.8469907861203686,5.0,True,False,8641,2179,943,2.5975678826222803,1.1241425026676504,0.7986136783733826,0.9016068447412354,12.898432533259786,11.425007153305156
case_151,1234,E2,hard_union,large_ge10ml,0.4882810115814209,0.4882810115814209,5.0,0.0011920917313548785,7625,729,0.08726358630596122,0.8158601494213584,48.01776817990152,True,False,8354,2541,1230,3.0291050893727465,1.4662728295665006,0.7667737494263424,0.871661101836394,12.987839413111402,11.425007153305156
case_151,1234,E2,soft_union_p0p5,large_ge10ml,0.4882810115814209,0.4882810115814209,5.0,0.0011920917313548785,7625,729,0.08726358630596122,0.8120023305496212,49.96582850536113,True,False,8362,2650,1222,3.159043088090428,1.4567360957156614,0.7593534326189612,0.8724958263772955,13.127314145679922,11.425007153305156
case_156,1234,E0,hard_union,large_ge10ml,0.4882810115814209,0.4882810115814209,5.121000289916992,0.0012209404203751973,23061,0,0.0,0.592789666473877,15.746589475877458,True,False,23061,3375,28308,4.120673918766291,34.56238141998109,0.872333182024512,0.4489283419961455,32.27678095303872,62.71848845425351
case_156,1234,E0,soft_union_p0p5,large_ge10ml,0.4882810115814209,0.4882810115814209,5.121000289916992,0.0012209404203751973,23061,0,0.0,0.5929010203819364,15.746589475877458,True,False,23068,3377,28301,4.123115799607041,34.55383483703846,0.8723010020797882,0.4490646109521307,32.287769416822094,62.71848845425351
case_156,1234,E2,hard_union,large_ge10ml,0.4882810115814209,0.4882810115814209,5.121000289916992,0.0012209404203751973,13613,1682,0.10997057862046421,0.44094964899889005,18.237111035674857,True,False,15295,2709,36074,3.3075275987964097,44.04420472461487,0.8495334370139969,0.297747668827503,21.981811328435054,62.71848845425351
case_156,1234,E2,soft_union_p0p5,large_ge10ml,0.4882810115814209,0.4882810115814209,5.121000289916992,0.0012209404203751973,13613,1682,0.10997057862046421,0.44368050860866187,18.166087870037483,True,False,15423,2731,35946,3.334388288044664,43.88792435080684,0.8495648341963203,0.30023944402265956,22.164952391491333,62.71848845425351
case_159,1234,E0,hard_union,medium_1to10ml,0.48828125,0.48828125,5.431884765625,0.001295062247663736,11,0,0.0,0.010864197530864197,90.13105988554713,True,False,11,277,1726,0.35873224260285486,2.235277439467608,0.03819444444444445,0.0063327576280944155,0.37297792732715596,2.249523124191909
case_159,1234,E0,soft_union_p0p5,medium_1to10ml,0.48828125,0.48828125,5.431884765625,0.001295062247663736,11,0,0.0,0.010864197530864197,90.13105988554713,True,False,11,277,1726,0.35873224260285486,2.235277439467608,0.03819444444444445,0.0063327576280944155,0.37297792732715596,2.249523124191909
case_159,1234,E2,hard_union,medium_1to10ml,0.48828125,0.48828125,5.431884765625,0.001295062247663736,32,396,0.9252336448598131,0.2957843814789219,129.61316989213623,True,False,428,729,1309,0.9441003785468635,1.6952364821918302,0.36992221261884184,0.24640184225676454,1.4983870205469425,2.249523124191909
case_159,1234,E2,soft_union_p0p5,medium_1to10ml,0.48828125,0.48828125,5.431884765625,0.001295062247663736,32,396,0.9252336448598131,0.30357142857142855,129.59840438701303,True,False,442,733,1295,0.9492806275375184,1.677105610724538,0.37617021276595747,0.25446171560161196,1.5216981410048898,2.249523124191909
case_166,1234,E0,hard_union,medium_1to10ml,0.4882810115814209,0.4882810115814209,2.571000099182129,0.0006129735919095177,11812,45,0.0037952264485114277,0.8880317555422409,1.3810672576553995,True,False,11857,1218,1772,0.7466018349457925,1.0861892048636652,0.9068451242829828,0.8699831242204124,8.014629714216943,8.354217084134817
case_166,1234,E0,soft_union_p0p5,medium_1to10ml,0.4882810115814209,0.4882810115814209,2.571000099182129,0.0006129735919095177,11812,45,0.0037952264485114277,0.8871601151961701,1.3810672576553995,True,False,11860,1248,1769,0.764991042703078,1.0843502840879367,0.9047909673481843,0.8702032430845991,8.034857842749958,8.354217084134817
case_166,1234,E2,hard_union,medium_1to10ml,0.4882810115814209,0.4882810115814209,2.571000099182129,0.0006129735919095177,9876,70,0.0070380052282324555,0.8066831582789246,3.9366473689693646,True,False,9946,1084,3683,0.6644633736299171,2.2575817390027537,0.9017225747960109,0.7297674077335095,6.761098718761979,8.354217084134817
case_166,1234,E2,soft_union_p0p5,medium_1to10ml,0.4882810115814209,0.4882810115814209,2.571000099182129,0.0006129735919095177,9876,70,0.0070380052282324555,0.8064724919093851,4.315766627191589,True,False,9968,1123,3661,0.6883693437143883,2.244096319980744,0.8987467315841673,0.731381612737545,6.79849010786846,8.354217084134817
case_171,1234,E0,hard_union,medium_1to10ml,0.4882810115814209,0.4882810115814209,2.7939987182617188,0.0006661405538911845,246,0,0.0,0.08442004118050789,41.730872381589116,True,False,246,358,4978,0.23847831829304406,3.3160476772703165,0.40728476821192056,0.04709035222052067,0.40234889455027545,3.479918253527548
case_171,1234,E0,soft_union_p0p5,medium_1to10ml,0.4882810115814209,0.4882810115814209,2.7939987182617188,0.0006661405538911845,246,0,0.0,0.08473413379073756,41.746294690737734,True,False,247,359,4977,0.23914445884693525,3.3153815367164254,0.4075907590759076,0.04728177641653905,0.40368117565805783,3.479918253527548
case_171,1234,E2,hard_union,medium_1to10ml,0.4882810115814209,0.4882810115814209,2.7939987182617188,0.0006661405538911845,718,23,0.0310391363022942,0.21984868713840677,71.45902559652757,True,False,741,776,4483,0.5169250698195592,2.98630810309418,0.4884640738299275,0.14184532924961715,1.010535220252927,3.479918253527548
case_171,1234,E2,soft_union_p0p5,medium_1to10ml,0.4882810115814209,0.4882810115814209,2.7939987182617188,0.0006661405538911845,718,23,0.0310391363022942,0.22373282104329836,71.44951507100156,True,False,757,786,4467,0.523586475358471,2.9756498542319214,0.49060272197018795,0.14490811638591117,1.0278548746540976,3.479918253527548
case_176,1234,E0,hard_union,large_ge10ml,0.4882810115814209,0.4882810115814209,5.042999267578125,0.0012023435456217184,31471,261,0.008225135509895374,0.9099955549820048,1.4648430347442627,True,False,31732,3125,3152,3.75732358006787,3.7897868557996564,0.9103479932294805,0.9096433895195505,41.910088969736236,41.94255224546802
case_176,1234,E0,soft_union_p0p5,large_ge10ml,0.4882810115814209,0.4882810115814209,5.042999267578125,0.0012023435456217184,31471,261,0.008225135509895374,0.910287098484957,1.4648430347442627,True,False,31754,3129,3130,3.7621329542503568,3.7633352977959786,0.9103001462030216,0.9102740511409242,41.9413499019224,41.94255224546802
case_176,1234,E2,hard_union,large_ge10ml,0.4882810115814209,0.4882810115814209,5.042999267578125,0.0012023435456217184,31230,548,0.017244634652904524,0.89946221341636,1.9531240463256836,True,False,31778,3998,3106,4.80696949539563,3.734479052701057,0.8882491055456172,0.9109620456369683,43.015042688162595,41.94255224546802
case_176,1234,E2,soft_union_p0p5,large_ge10ml,0.4882810115814209,0.4882810115814209,5.042999267578125,0.0012023435456217184,31230,548,0.017244634652904524,0.8996450741667728,2.0132341857336384,True,False,31811,4024,3073,4.838230427581795,3.6948017156955406,0.8877075484861169,0.9119080380690288,43.08598095735428,41.94255224546802
case_011,5678,E0,hard_union,medium_1to10ml,0.4882810115814209,0.4882810115814209,5.228458404541016,0.0012465604645550948,732,0,0.0,0.4555071561916615,107.09818109179449,True,False,732,335,1415,0.41759775562595675,1.7638830573454591,0.6860356138706654,0.34094084769445737,1.330080015680286,2.6763653173997883
case_011,5678,E0,soft_union_p0p5,medium_1to10ml,0.4882810115814209,0.4882810115814209,5.228458404541016,0.0012465604645550948,732,0,0.0,0.4595348837209302,107.08538030421738,True,False,741,337,1406,0.42009087655506694,1.7526640131644633,0.6873840445269017,0.34513274336283184,1.343792180790392,2.6763653173997883
case_011,5678,E2,hard_union,medium_1to10ml,0.4882810115814209,0.4882810115814209,5.228458404541016,0.0012465604645550948,647,0,0.0,0.38800599700149924,112.33568606603525,True,False,647,541,1500,0.6743892113243063,1.8698406968326422,0.5446127946127947,0.30135072193758733,1.4809138318914525,2.6763653173997883
case_011,5678,E2,soft_union_p0p5,medium_1to10ml,0.4882810115814209,0.4882810115814209,5.228458404541016,0.0012465604645550948,647,0,0.0,0.3873281530185296,112.3505269205674,True,False,648,551,1499,0.6868548159698572,1.8685941363680871,0.5404503753127606,0.30181648812296225,1.4946259970015587,2.6763653173997883
case_017,5678,E0,hard_union,large_ge10ml,0.4882810115814209,0.4882810115814209,5.243000030517578,0.001250027396774676,4640,56,0.01192504258943782,0.3927242316537738,22.51494489935971,True,False,4696,5029,9494,6.286387778379845,11.867760104978773,0.48287917737789204,0.33093727977448906,12.156516433633724,17.737888760232654
case_017,5678,E0,soft_union_p0p5,large_ge10ml,0.4882810115814209,0.4882810115814209,5.243000030517578,0.001250027396774676,4640,56,0.01192504258943782,0.3926655856305351,22.431366168278196,True,False,4722,5139,9468,6.42389079202506,11.835259392662632,0.47885609978703986,0.33276955602537,12.326520159595079,17.737888760232654
case_017,5678,E2,hard_union,large_ge10ml,0.4882810115814209,0.4882810115814209,5.243000030517578,0.001250027396774676,3707,252,0.06365243748421319,0.3185420605865551,53.683555863731186,True,False,3959,6708,10231,8.385183777564526,12.789030296401709,0.37114465172963346,0.27899929527836503,13.33404224139547,17.737888760232654
case_017,5678,E2,soft_union_p0p5,large_ge10ml,0.4882810115814209,0.4882810115814209,5.243000030517578,0.001250027396774676,3707,252,0.06365243748421319,0.3223705115983476,53.63690320015368,True,False,4058,6928,10132,8.660189804854955,12.665277584121016,0.3693792099035136,0.2859760394644116,13.73280098096659,17.737888760232654
case_018,5678,E0,hard_union,large_ge10ml,0.4882810115814209,0.4882810115814209,5.176000595092773,0.001234053502179605,23527,829,0.03403678764986041,0.7681826783574087,22.63791327181597,True,False,24356,6405,8295,7.9041126814603695,10.236473800579823,0.7917818016319366,0.7459495880677468,37.960719780546825,40.29308089966628
case_018,5678,E0,soft_union_p0p5,large_ge10ml,0.4882810115814209,0.4882810115814209,5.176000595092773,0.001234053502179605,23527,829,0.03403678764986041,0.7696228819559163,22.861092938574814,True,False,24459,6451,8192,7.960879142560631,10.109366289855323,0.7912973147848593,0.7491041622002389,38.144593752371584,40.29308089966628
case_018,5678,E2,hard_union,large_ge10ml,0.4882810115814209,0.4882810115814209,5.176000595092773,0.001234053502179605,24952,358,0.014144606874753062,0.7900363647714326,15.838128011372778,True,False,25310,6112,7341,7.542535005321745,9.059186759500479,0.805486601744001,0.7751676824599553,38.77642914548755,40.29308089966628
case_018,5678,E2,soft_union_p0p5,large_ge10ml,0.4882810115814209,0.4882810115814209,5.176000595092773,0.001234053502179605,24952,358,0.014144606874753062,0.7901446203715248,15.8474807462066,True,False,25351,6166,7300,7.609173894439444,9.008590565911115,0.8043595519878161,0.7764233867262871,38.89366422819461,40.29308089966628
case_028,5678,E0,hard_union,large_ge10ml,0.408203125,0.408203125,5.0,0.0008331489562988281,67394,23840,0.26130609202709515,0.7692839556140173,5.985894789576974,True,False,91234,23154,31570,19.290730934143067,26.302512550354002,0.7975836626219533,0.742923683267646,95.30224281311035,102.3140244293213
case_028,5678,E0,soft_union_p0p5,large_ge10ml,0.408203125,0.408203125,5.0,0.0008331489562988281,67394,23840,0.26130609202709515,0.7710015475709864,5.985894789576974,True,False,91669,23319,31135,19.428200511932374,25.940092754364013,0.7972049257313807,0.7464659131624377,95.80213218688965,102.3140244293213
case_028,5678,E2,hard_union,large_ge10ml,0.408203125,0.408203125,5.0,0.0008331489562988281,74008,22433,0.23260853786252736,0.7991167051278333,5.033215630441391,True,False,96441,22124,26363,18.432587509155272,21.964305934906005,0.8134019314300173,0.7853245822611641,98.78230600357055,102.3140244293213
case_028,5678,E2,soft_union_p0p5,large_ge10ml,0.408203125,0.408203125,5.0,0.0008331489562988281,74008,22433,0.23260853786252736,0.8007981760687355,5.033215630441391,True,False,97118,22631,25686,18.854994029998778,21.4002640914917,0.8110130355994623,0.7908374320054722,99.76875436782836,102.3140244293213
case_034,5678,E0,hard_union,medium_1to10ml,0.4375,0.4375,5.0,0.00095703125,1166,24,0.020168067226890758,0.5030648911435215,103.51212375187325,True,False,1190,1561,790,1.49392578125,0.7560546874999999,0.43256997455470736,0.601010101010101,2.63279296875,1.8949218749999999
case_034,5678,E0,soft_union_p0p5,medium_1to10ml,0.4375,0.4375,5.0,0.00095703125,1166,24,0.020168067226890758,0.5041061276058117,103.50875566830084,True,False,1197,1572,783,1.504453125,0.74935546875,0.4322860238353196,0.6045454545454545,2.65001953125,1.8949218749999999
case_034,5678,E2,hard_union,medium_1to10ml,0.4375,0.4375,5.0,0.00095703125,1190,0,0.0,0.6343283582089553,92.94027817040472,True,False,1190,582,790,0.5569921875,0.7560546874999999,0.6715575620767494,0.601010101010101,1.695859375,1.8949218749999999
case_034,5678,E2,soft_union_p0p5,medium_1to10ml,0.4375,0.4375,5.0,0.00095703125,1190,0,0.0,0.6356382978723404,92.937806776028,True,False,1195,585,785,0.55986328125,0.75126953125,0.6713483146067416,0.6035353535353535,1.7035156249999999,1.8949218749999999
case_041,5678,E0,hard_union,small_lt1ml,0.49486300349235535,0.49486300349235535,5.0,0.0012244469611273744,561,0,0.0,0.09153206069505629,113.38979806471899,True,False,561,11070,66,13.554627859680036,0.08081349943440672,0.04823316997678617,0.8947368421052632,14.241542604872492,0.7677282446268637
case_041,5678,E0,soft_union_p0p5,small_lt1ml,0.49486300349235535,0.49486300349235535,5.0,0.0012244469611273744,561,0,0.0,0.09130116364228172,113.40477417500738,True,False,561,11101,66,13.592585715474984,0.08081349943440672,0.048104956268221574,0.8947368421052632,14.27950046066744,0.7677282446268637
case_041,5678,E2,hard_union,small_lt1ml,0.49486300349235535,0.49486300349235535,5.0,0.0012244469611273744,566,0,0.0,0.09838345211194159,114.30558756393003,True,False,566,10313,61,12.627721510106612,0.07469126462876984,0.05202684070227043,0.9027113237639554,13.320758490104707,0.7677282446268637
case_041,5678,E2,soft_union_p0p5,small_lt1ml,0.49486300349235535,0.49486300349235535,5.0,0.0012244469611273744,566,0,0.0,0.09775474956822107,114.28017953310173,True,False,566,10387,61,12.718330585230039,0.07469126462876984,0.05167534008947321,0.9027113237639554,13.411367565228133,0.7677282446268637
case_048,5678,E0,hard_union,large_ge10ml,0.4882810115814209,0.4882810115814209,5.392677307128906,0.0012857132055386917,31774,1565,0.04694201985662438,0.7342583415923356,17.10915257587688,True,False,33339,21037,3095,27.047548704917457,3.9792823711422507,0.613119758717081,0.9150518746226053,69.9119412643719,46.84367493059669
case_048,5678,E0,soft_union_p0p5,large_ge10ml,0.4882810115814209,0.4882810115814209,5.392677307128906,0.0012857132055386917,31774,1565,0.04694201985662438,0.7337715152447737,17.151791756940153,True,False,33380,21168,3054,27.215977134843026,3.9265681297151644,0.6119381095548875,0.9161771971235659,70.13308393572456,46.84367493059669
case_048,5678,E2,hard_union,large_ge10ml,0.4882810115814209,0.4882810115814209,5.392677307128906,0.0012857132055386917,32058,951,0.028810324456966283,0.7359538036207973,16.17803192138672,True,False,33009,20261,3425,26.04983525741943,4.403567728970019,0.6196545898254177,0.9059944008343854,68.4899424590461,46.84367493059669
case_048,5678,E2,soft_union_p0p5,large_ge10ml,0.4882810115814209,0.4882810115814209,5.392677307128906,0.0012857132055386917,32058,951,0.028810324456966283,0.7344572532818018,16.17803192138672,True,False,33066,20542,3368,26.411120668175805,4.3302820762543135,0.616810923742725,0.9075588735796234,68.92451352251818,46.84367493059669
case_052,5678,E0,hard_union,large_ge10ml,0.48828125,0.48828125,5.0,0.0011920928955078125,56109,4212,0.0698264286069528,0.9135808078513336,2.44140625,True,False,60321,7651,3761,9.120702743530273,4.483461380004883,0.8874389454481257,0.9413095721107331,81.02893829345703,76.39169692993164
case_052,5678,E0,soft_union_p0p5,large_ge10ml,0.48828125,0.48828125,5.0,0.0011920928955078125,56109,4212,0.0698264286069528,0.9136333028168482,2.44140625,True,False,60377,7710,3705,9.191036224365234,4.416704177856445,0.8867625244172896,0.9421834524515464,81.16602897644043,76.39169692993164
case_052,5678,E2,hard_union,large_ge10ml,0.48828125,0.48828125,5.0,0.0011920928955078125,56431,4251,0.0700537226854751,0.9170413244372577,2.0132351687586234,True,False,60682,7579,3400,9.034872055053711,4.0531158447265625,0.888970275852976,0.946942979307762,81.37345314025879,76.39169692993164
case_052,5678,E2,soft_union_p0p5,large_ge10ml,0.48828125,0.48828125,5.0,0.0011920928955078125,56431,4251,0.0700537226854751,0.9175283390275358,2.0132351687586234,True,False,60828,7681,3254,9.156465530395508,3.879070281982422,0.887883343794246,0.949221310196311,81.66909217834473,76.39169692993164
case_053,5678,E0,hard_union,large_ge10ml,0.431640625,0.431640625,5.16455078125,0.0009622261989861729,11940,3150,0.20874751491053678,0.7652517876160049,41.099348124423024,True,False,15090,4165,5093,4.00767211877741,4.900618031436578,0.7836925473902883,0.7476589208740029,18.527665461478758,19.420611374137927
case_053,5678,E0,soft_union_p0p5,large_ge10ml,0.431640625,0.431640625,5.16455078125,0.0009622261989861729,11940,3150,0.20874751491053678,0.7664422054579515,41.01001039518527,True,False,15138,4181,5045,4.023067737961188,4.854431173885242,0.7835809306899943,0.750037159986127,18.589247938213873,19.420611374137927
case_053,5678,E2,hard_union,large_ge10ml,0.431640625,0.431640625,5.16455078125,0.0009622261989861729,12889,2331,0.15315374507227333,0.784394567990311,13.15272592093424,True,False,15220,3404,4963,3.2754179813489324,4.775528625568376,0.8172250859106529,0.7540999851360055,17.920500729918484,19.420611374137927
case_053,5678,E2,soft_union_p0p5,large_ge10ml,0.431640625,0.431640625,5.16455078125,0.0009622261989861729,12889,2331,0.15315374507227333,0.7857840365935139,13.192524533261203,True,False,15289,3442,4894,3.311982576910407,4.70913501783833,0.816240456996423,0.7575187038596839,18.023458933210005,19.420611374137927
case_055,5678,E0,hard_union,large_ge10ml,0.4947509765625,0.4947509765625,5.0,0.001223892644047737,30734,9929,0.24417775373189385,0.8649493746277546,3.9888098942692896,True,False,40663,7688,5010,9.409286647439004,6.131702146679163,0.8409960497197576,0.8903071836752567,59.17643323235214,55.898848731592295
case_055,5678,E0,soft_union_p0p5,large_ge10ml,0.4947509765625,0.4947509765625,5.0,0.001223892644047737,30734,9929,0.24417775373189385,0.8649521442153457,3.9888098942692896,True,False,40712,7752,4961,9.487615776658059,6.071731407120824,0.8400462198745461,0.8913800275874149,59.314733101129534,55.898848731592295
case_055,5678,E2,hard_union,large_ge10ml,0.4947509765625,0.4947509765625,5.0,0.001223892644047737,28544,13043,0.31363166374107293,0.8675344723282642,4.4527587890625,True,False,41587,8614,4086,10.542611235827207,5.000825343579054,0.8284097926336129,0.9105379545902393,61.44063462384045,55.898848731592295
case_055,5678,E2,soft_union_p0p5,large_ge10ml,0.4947509765625,0.4947509765625,5.0,0.001223892644047737,28544,13043,0.31363166374107293,0.8673316396651535,4.4527587890625,True,False,41651,8720,4022,10.672343856096267,4.922496214359999,0.8268845168847154,0.9119392201081602,61.64869637332856,55.898848731592295
case_068,5678,E0,hard_union,large_ge10ml,0.48828125,0.48828125,5.3740234375,0.0012812670320272446,7632,421,0.05227865391779461,0.45479189021291017,15.172338256677802,True,False,8053,12154,7154,15.57251950725913,9.166184347122908,0.3985252635225417,0.5295587558361281,25.89056291617453,19.484227756038308
case_068,5678,E0,soft_union_p0p5,large_ge10ml,0.48828125,0.48828125,5.3740234375,0.0012812670320272446,7632,421,0.05227865391779461,0.4556349518933213,15.172338256677802,True,False,8098,12241,7109,15.6839897390455,9.108527330681682,0.3981513348738876,0.5325179193792332,26.059690164402127,19.484227756038308
case_068,5678,E2,hard_union,large_ge10ml,0.48828125,0.48828125,5.3740234375,0.0012812670320272446,7605,483,0.059718100890207716,0.4730239494692517,18.490888564404294,True,False,8088,10902,7119,13.96837318316102,9.121340001001954,0.4259083728278041,0.5318603274807654,24.331260938197374,19.484227756038308
case_068,5678,E2,soft_union_p0p5,large_ge10ml,0.48828125,0.48828125,5.3740234375,0.0012812670320272446,7605,483,0.059718100890207716,0.4725784922523359,15.266331292234804,True,False,8143,11112,7064,14.237439259886742,9.050870314240456,0.4229031420410283,0.5354770829223384,24.670796701684594,19.484227756038308
case_069,5678,E0,hard_union,medium_1to10ml,0.4882810115814209,0.4882810115814209,2.5830001831054688,0.0006158346320736331,2820,1888,0.4010195412064571,0.5147324113048707,11.272672922282702,True,False,4708,4535,4342,2.792810056453926,2.673953972463715,0.5093584334090663,0.5202209944751381,5.692159504256591,5.57330342026638
case_069,5678,E0,soft_union_p0p5,medium_1to10ml,0.4882810115814209,0.4882810115814209,2.5830001831054688,0.0006158346320736331,2820,1888,0.4010195412064571,0.5156904334584217,11.272647481315929,True,False,4741,4596,4309,2.8303759690104178,2.653631429605285,0.5077648066830888,0.5238674033149171,5.750047959671512,5.57330342026638
case_069,5678,E2,hard_union,medium_1to10ml,0.4882810115814209,0.4882810115814209,2.5830001831054688,0.0006158346320736331,4350,807,0.15648632926119838,0.5733185102834908,9.068985096783209,True,False,5157,3783,3893,2.3297024131345543,2.397444222662654,0.5768456375838926,0.5698342541436464,5.5055616107382805,5.57330342026638
case_069,5678,E2,soft_union_p0p5,medium_1to10ml,0.4882810115814209,0.4882810115814209,2.5830001831054688,0.0006158346320736331,4350,807,0.15648632926119838,0.5748893805309735,9.121842075401794,True,False,5197,3833,3853,2.3604941447382357,2.3728108373797085,0.5755260243632336,0.5742541436464088,5.560986727624907,5.57330342026638
case_071,5678,E0,hard_union,large_ge10ml,0.48828125,0.48828125,5.0,0.0011920928955078125,53028,2737,0.04908096476284408,0.883875006934373,5.0,True,False,55765,6009,8644,7.163286209106445,10.304450988769531,0.9027260659824522,0.8657951528513096,73.64034652709961,76.7815113067627
case_071,5678,E0,soft_union_p0p5,large_ge10ml,0.48828125,0.48828125,5.0,0.0011920928955078125,53028,2737,0.04908096476284408,0.8843218594635676,5.0,True,False,55852,6055,8557,7.218122482299805,10.200738906860352,0.9021919976739302,0.8671458957599093,73.79889488220215,76.7815113067627
case_071,5678,E2,hard_union,large_ge10ml,0.48828125,0.48828125,5.0,0.0011920928955078125,52927,1729,0.03163422131147541,0.8838435291644432,5.0,True,False,54656,4613,9753,5.499124526977539,11.626482009887695,0.9221684185661981,0.8485770622118027,70.65415382385254,76.7815113067627
case_071,5678,E2,soft_union_p0p5,large_ge10ml,0.48828125,0.48828125,5.0,0.0011920928955078125,52927,1729,0.03163422131147541,0.8843303463308307,5.0,True,False,54771,4690,9638,5.590915679931641,11.489391326904297,0.9211247708582095,0.8503625269760438,70.88303565979004,76.7815113067627
case_074,5678,E0,hard_union,medium_1to10ml,0.48828125,0.48828125,5.17626953125,0.001234118826687336,2281,558,0.1965480803099683,0.7297262562652616,111.44817449488848,True,False,2839,1033,1070,1.274844747968018,1.3205071445554495,0.7332128099173554,0.7262727040163725,4.778508096933365,4.824170493520796
case_074,5678,E0,soft_union_p0p5,medium_1to10ml,0.48828125,0.48828125,5.17626953125,0.001234118826687336,2281,558,0.1965480803099683,0.7355382454348104,111.41131884220832,True,False,2880,1042,1029,1.285951817408204,1.2699082726612687,0.7343192248852626,0.7367613200306984,4.840214038267732,4.824170493520796
case_074,5678,E2,hard_union,medium_1to10ml,0.48828125,0.48828125,5.17626953125,0.001234118826687336,2791,94,0.032582322357019064,0.7244193345888261,112.97864638002112,True,False,2885,1171,1024,1.4451531460508704,1.263737678527832,0.7112919132149902,0.7380404195446406,5.005585961043835,4.824170493520796
case_074,5678,E2,soft_union_p0p5,medium_1to10ml,0.48828125,0.48828125,5.17626953125,0.001234118826687336,2791,94,0.032582322357019064,0.7252224032076181,113.01624940972954,True,False,2894,1178,1015,1.4537919778376818,1.252630609087646,0.7107072691552063,0.7403427986697365,5.025331862270832,4.824170493520796
case_079,5678,E0,hard_union,small_lt1ml,0.4882810115814209,0.4882810115814209,2.5,0.0005960458656774393,0,0,nan,0.0,54.03622903266737,True,False,0,554,88,0.33020940958530137,0.05245203617961466,0.0,0.0,0.33020940958530137,0.05245203617961466
case_079,5678,E0,soft_union_p0p5,small_lt1ml,0.4882810115814209,0.4882810115814209,2.5,0.0005960458656774393,0,0,nan,0.0,54.03468436723437,True,False,0,555,88,0.3308054554509788,0.05245203617961466,0.0,0.0,0.3308054554509788,0.05245203617961466
case_079,5678,E2,hard_union,small_lt1ml,0.4882810115814209,0.4882810115814209,2.5,0.0005960458656774393,0,0,nan,0.0,55.296006836348155,True,False,0,982,88,0.5853170400952453,0.05245203617961466,0.0,0.0,0.5853170400952453,0.05245203617961466
case_079,5678,E2,soft_union_p0p5,small_lt1ml,0.4882810115814209,0.4882810115814209,2.5,0.0005960458656774393,0,0,nan,0.0,55.304629511737495,True,False,0,1018,88,0.6067746912596331,0.05245203617961466,0.0,0.0,0.6067746912596331,0.05245203617961466
case_080,5678,E0,hard_union,large_ge10ml,0.4882810115814209,0.4882810115814209,5.0,0.0011920917313548785,6959,2077,0.22985834440017708,0.7797385338913578,5.0,True,False,9036,2359,2746,2.8121443942661584,3.2734838943004965,0.7929793769197017,0.766932609064675,13.583885278788841,14.04522477882318
case_080,5678,E0,soft_union_p0p5,large_ge10ml,0.4882810115814209,0.4882810115814209,5.0,0.0011920917313548785,6959,2077,0.22985834440017708,0.7810844566949481,5.0,True,False,9068,2369,2714,2.824065311579707,3.23533695889714,0.7928652618693713,0.7696486165336954,13.633953131505745,14.04522477882318
case_080,5678,E2,hard_union,large_ge10ml,0.4882810115814209,0.4882810115814209,5.0,0.0011920917313548785,6755,936,0.12170068911714992,0.7244042573231609,5.0,True,False,7691,1761,4091,2.099273538915941,4.876847272972808,0.8136902242911553,0.6527754201324054,11.267651044766312,14.04522477882318
case_080,5678,E2,soft_union_p0p5,large_ge10ml,0.4882810115814209,0.4882810115814209,5.0,0.0011920917313548785,6755,936,0.12170068911714992,0.7254211835374724,5.0,True,False,7729,1798,4053,2.1433809329760716,4.831547787181322,0.8112732234701375,0.6560006790018672,11.357057924617928,14.04522477882318
case_086,5678,E0,hard_union,large_ge10ml,0.48828125,0.48828125,5.373893737792969,0.0012812361092073843,38646,35881,0.4814496759563648,0.8273928803379424,7.32421875,True,False,74527,1563,29532,2.0025720386911416,37.83746477711247,0.9794585359442766,0.7161994637657483,97.48925554958987,133.3241482880112
case_086,5678,E0,soft_union_p0p5,large_ge10ml,0.48828125,0.48828125,5.373893737792969,0.0012812361092073843,38646,35881,0.4814496759563648,0.8318036049983413,7.260894697986381,True,False,75220,1581,28839,2.0256342886568746,36.949568153431755,0.9794143305425711,0.722859147214561,98.40021442323632,133.3241482880112
case_086,5678,E2,hard_union,large_ge10ml,0.48828125,0.48828125,5.373893737792969,0.0012812361092073843,38413,30729,0.4444331954528362,0.7911210274893447,7.597853774348355,True,False,69142,1594,34917,2.0422903580765706,44.73692122519424,0.9774655055417326,0.6644499754946713,90.62951742089354,133.3241482880112
case_086,5678,E2,soft_union_p0p5,large_ge10ml,0.48828125,0.48828125,5.373893737792969,0.0012812361092073843,38413,30729,0.4444331954528362,0.7993913379210102,7.471280569190736,True,False,70396,1669,33663,2.1383830662671244,43.13025114424818,0.9768403524595851,0.6765008312591895,92.33228021003015,133.3241482880112
case_094,5678,E0,hard_union,medium_1to10ml,0.4882810115814209,0.4882810115814209,2.546999931335449,0.0006072515115812865,1794,5077,0.7389026342599331,0.7333368909760393,37.9004217788072,True,False,6871,3717,1280,2.257153868547642,0.7772819348240467,0.648942198715527,0.8429640534903693,6.429579004622662,4.949707070899066
case_094,5678,E0,soft_union_p0p5,medium_1to10ml,0.4882810115814209,0.4882810115814209,2.546999931335449,0.0006072515115812865,1794,5077,0.7389026342599331,0.7318054305827555,37.95856651994659,True,False,6913,3829,1238,2.325166037844746,0.7517773713376327,0.6435486873952709,0.8481167954852166,6.523095737406179,4.949707070899066
case_094,5678,E2,hard_union,medium_1to10ml,0.4882810115814209,0.4882810115814209,2.546999931335449,0.0006072515115812865,2274,2830,0.5544670846394985,0.6430236220472441,4.367318136073677,True,False,5104,2620,3047,1.5909989603429706,1.85029535578818,0.6607975142413257,0.6261808367071525,4.690410675453857,4.949707070899066
case_094,5678,E2,soft_union_p0p5,medium_1to10ml,0.4882810115814209,0.4882810115814209,2.546999931335449,0.0006072515115812865,2274,2830,0.5544670846394985,0.6410399950239473,4.367318136073677,True,False,5153,2773,2998,1.6839084416149075,1.820540031720697,0.6501387837496846,0.6321923690344743,4.813075480793277,4.949707070899066
case_095,5678,E0,hard_union,large_ge10ml,0.4882810115814209,0.4882810115814209,5.392673492431641,0.0012857122960448781,39287,2578,0.061578884509733665,0.7580737159464378,7.575371237477633,True,False,41865,8268,18453,10.630269263699052,23.725248998916136,0.8350786906827838,0.694071421466229,64.45661453761788,77.55159427283496
case_095,5678,E0,soft_union_p0p5,large_ge10ml,0.4882810115814209,0.4882810115814209,5.392673492431641,0.0012857122960448781,39287,2578,0.061578884509733665,0.7600708118067849,7.484797961508054,True,False,42076,8322,18242,10.699697727685475,23.45396370445067,0.834874399777769,0.6975695480619384,64.79732829606976,77.55159427283496
case_095,5678,E2,hard_union,large_ge10ml,0.4882810115814209,0.4882810115814209,5.392673492431641,0.0012857122960448781,41170,1672,0.039027122916763926,0.7828096878226153,5.879681981986056,True,False,42842,6297,17476,8.096130328194597,22.46910808568029,0.8718533140682554,0.7102689081202957,63.17861651534927,77.55159427283496
case_095,5678,E2,soft_union_p0p5,large_ge10ml,0.4882810115814209,0.4882810115814209,5.392673492431641,0.0012857122960448781,41170,1672,0.039027122916763926,0.7850569376553156,5.859372138977051,True,False,43122,6417,17196,8.250415803719983,22.109108642787724,0.870465693695876,0.7149109718491993,63.69290143376722,77.55159427283496
case_096,5678,E0,hard_union,medium_1to10ml,0.49486300349235535,0.49486300349235535,5.0,0.0012244469611273744,884,114,0.11422845691382766,0.40096424266773806,48.16166639579812,True,False,998,1199,1783,1.4681119063917218,2.1831889316901085,0.4542558033682294,0.35886371808701906,2.6901099735968415,3.4051869988952284
case_096,5678,E0,soft_union_p0p5,medium_1to10ml,0.49486300349235535,0.49486300349235535,5.0,0.0012244469611273744,884,114,0.11422845691382766,0.40344551282051283,48.142087316877145,True,False,1007,1204,1774,1.4742341411973587,2.172168909039962,0.4554500226142017,0.36209996404171163,2.707252231052625,3.4051869988952284
case_096,5678,E2,hard_union,medium_1to10ml,0.49486300349235535,0.49486300349235535,5.0,0.0012244469611273744,1236,70,0.05359877488514548,0.5057115198451113,59.3150280000624,True,False,1306,1078,1475,1.3199538240953097,1.8060592676628773,0.5478187919463087,0.4696152463142754,2.9190815553276606,3.4051869988952284
case_096,5678,E2,soft_union_p0p5,medium_1to10ml,0.49486300349235535,0.49486300349235535,5.0,0.0012244469611273744,1236,70,0.05359877488514548,0.49885757806549885,60.54682812819748,True,False,1310,1161,1471,1.4215829218688818,1.8011614798183677,0.5301497369486038,0.47105357784969437,3.025608440945742,3.4051869988952284
case_107,5678,E0,hard_union,large_ge10ml,0.4882810115814209,0.4882810115814209,5.392673492431641,0.0012857122960448781,22894,2397,0.09477679807045984,0.727651983773053,5.392673492431641,True,False,25291,11286,7646,14.510548973162495,9.830556215559138,0.6914454438581622,0.7678598536600176,47.02749865243351,42.34750589483015
case_107,5678,E0,soft_union_p0p5,large_ge10ml,0.4882810115814209,0.4882810115814209,5.392673492431641,0.0012857122960448781,22894,2397,0.09477679807045984,0.7282073372101371,5.392673492431641,True,False,25358,11350,7579,14.592834560109367,9.744413491724131,0.6908030946932548,0.7698940401372317,47.195926963215385,42.34750589483015
case_107,5678,E2,hard_union,large_ge10ml,0.4882810115814209,0.4882810115814209,5.392673492431641,0.0012857122960448781,20203,3621,0.1519895903290799,0.7115890083632019,5.879681981986056,True,False,23824,10199,9113,13.112979707361712,11.716696153856974,0.7002321958675014,0.7233202781066885,43.74378944833489,42.34750589483015
case_107,5678,E2,soft_union_p0p5,large_ge10ml,0.4882810115814209,0.4882810115814209,5.392673492431641,0.0012857122960448781,20203,3621,0.1519895903290799,0.7139599620942905,5.756217445734782,True,False,24109,10490,8828,13.487121985510772,11.350268149484185,0.696812046590942,0.7319731608828977,44.48435973085674,42.34750589483015
case_112,5678,E0,hard_union,large_ge10ml,0.4882810115814209,0.4882810115814209,5.0,0.0011920917313548785,46951,8953,0.16014954207212365,0.9219377447948877,3.906248092651367,True,False,55904,2070,7397,2.4676298839045985,8.817902536832037,0.9642943388415497,0.8831456059145985,69.11032603356773,75.46059868649516
case_112,5678,E0,soft_union_p0p5,large_ge10ml,0.4882810115814209,0.4882810115814209,5.0,0.0011920917313548785,46951,8953,0.16014954207212365,0.9232340033100859,3.718637396105809,True,False,56062,2084,7239,2.484319168143567,8.629552043277965,0.9641591854985726,0.8856416170360658,69.31536581136076,75.46059868649516
case_112,5678,E2,hard_union,large_ge10ml,0.4882810115814209,0.4882810115814209,5.0,0.0011920917313548785,50446,7303,0.126461064260853,0.9288586501962298,2.629473719560303,True,False,57749,3294,5552,3.92675016308297,6.6184932924822855,0.9460380387595629,0.9122920648962891,72.76885555709585,75.46059868649516
case_112,5678,E2,soft_union_p0p5,large_ge10ml,0.4882810115814209,0.4882810115814209,5.0,0.0011920917313548785,50446,7303,0.126461064260853,0.9291644898123217,2.629473719560303,True,False,57801,3313,5500,3.9493999059787126,6.5565045224518315,0.9457898353895997,0.9131135369109493,72.85349407002205,75.46059868649516
case_117,5678,E0,hard_union,small_lt1ml,0.4882810115814209,0.4882810115814209,2.531163215637207,0.0006034757480141479,155,0,0.0,0.42349726775956287,86.20675298913496,True,False,155,247,175,0.14905850975949453,0.10560825590247588,0.3855721393034826,0.4696969696969697,0.24259725070168747,0.19914699684466883
case_117,5678,E0,soft_union_p0p5,small_lt1ml,0.4882810115814209,0.4882810115814209,2.531163215637207,0.0006034757480141479,155,0,0.0,0.4223433242506812,86.20523189097231,True,False,155,249,175,0.15026546125552284,0.10560825590247588,0.38366336633663367,0.4696969696969697,0.24380420219771576,0.19914699684466883
case_117,5678,E2,hard_union,small_lt1ml,0.4882810115814209,0.4882810115814209,2.531163215637207,0.0006034757480141479,158,0,0.0,0.38164251207729466,46.323743124362174,True,False,158,340,172,0.20518175432481028,0.10379782865843344,0.3172690763052209,0.47878787878787876,0.3005309225110457,0.19914699684466883
case_117,5678,E2,soft_union_p0p5,small_lt1ml,0.4882810115814209,0.4882810115814209,2.531163215637207,0.0006034757480141479,158,0,0.0,0.37889688249400477,46.352552837151656,True,False,158,346,172,0.2088026088128952,0.10379782865843344,0.3134920634920635,0.47878787878787876,0.30415177699913054,0.19914699684466883
case_121,5678,E0,hard_union,large_ge10ml,0.4882810115814209,0.4882810115814209,5.563000202178955,0.0013263213085086094,52775,5475,0.09399141630901288,0.7773248016654101,7.655292248952764,True,False,58250,5423,27950,7.192640456042189,37.07068057281563,0.9148304618912255,0.675754060324826,84.45085667666868,114.32889679344213
case_121,5678,E0,soft_union_p0p5,large_ge10ml,0.4882810115814209,0.4882810115814209,5.563000202178955,0.0013263213085086094,52775,5475,0.09399141630901288,0.7796176817210315,7.497954117902197,True,False,58545,5444,27655,7.22049320352087,36.67941578680559,0.9149228773695479,0.6791763341067285,84.86997421015741,114.32889679344213
case_121,5678,E2,hard_union,large_ge10ml,0.4882810115814209,0.4882810115814209,5.563000202178955,0.0013263213085086094,55096,6619,0.1072510734829458,0.8104186364113878,8.269138504946346,True,False,61715,4389,24485,5.821224223044287,32.474977238833304,0.9336046230182742,0.7159512761020882,87.67514377765312,114.32889679344213
case_121,5678,E2,soft_union_p0p5,large_ge10ml,0.4882810115814209,0.4882810115814209,5.563000202178955,0.0013263213085086094,55096,6619,0.1072510734829458,0.8122088184993218,8.211271413666848,True,False,61976,4435,24224,5.8822350032356825,32.128807377312555,0.9332188944602551,0.7189791183294664,88.08232441936526,114.32889679344213
case_122,5678,E0,hard_union,medium_1to10ml,0.4882810115814209,0.4882810115814209,5.121000289916992,0.0012209404203751973,5433,6,0.0011031439602868175,0.7588949351192967,5.121000289916992,True,False,5439,1111,2345,1.3564648070368441,2.8631052857798376,0.830381679389313,0.6987410071942446,7.9971597534575425,9.503800232200536
case_122,5678,E0,soft_union_p0p5,medium_1to10ml,0.4882810115814209,0.4882810115814209,5.121000289916992,0.0012209404203751973,5433,6,0.0011031439602868175,0.7585389655653144,5.121000289916992,True,False,5441,1121,2343,1.3686742112405963,2.8606634049390873,0.8291679366046937,0.6989979445015416,8.011811038502044,9.503800232200536
case_122,5678,E2,hard_union,medium_1to10ml,0.4882810115814209,0.4882810115814209,5.121000289916992,0.0012209404203751973,6139,38,0.006151853650639469,0.8013751946030099,5.121000289916992,True,False,6177,1455,1607,1.7764683116459121,1.9620512555429421,0.8093553459119497,0.7935508735868448,9.318217288303506,9.503800232200536
case_122,5678,E2,soft_union_p0p5,medium_1to10ml,0.4882810115814209,0.4882810115814209,5.121000289916992,0.0012209404203751973,6139,38,0.006151853650639469,0.8005434431002135,5.121000289916992,True,False,6187,1486,1597,1.8143174646775433,1.9498418513391902,0.8063338980841913,0.7948355601233299,9.36827584553889,9.503800232200536
case_126,5678,E0,hard_union,medium_1to10ml,0.4882810115814209,0.4882810115814209,5.188999176025391,0.0012371526023494293,3639,199,0.051849921834288694,0.4908242214975382,51.000492702927055,True,False,3838,5863,2100,7.253425707574704,2.5980204649338017,0.39562931656530254,0.6463455708992927,12.001617395391813,7.346212152750911
case_126,5678,E0,soft_union_p0p5,medium_1to10ml,0.4882810115814209,0.4882810115814209,5.188999176025391,0.0012371526023494293,3639,199,0.051849921834288694,0.48949006159903474,51.0136686682562,True,False,3854,5955,2084,7.367243746990852,2.5782260232962106,0.3929044754817005,0.6490400808352981,12.135229876445552,7.346212152750911
case_126,5678,E2,hard_union,medium_1to10ml,0.4882810115814209,0.4882810115814209,5.188999176025391,0.0012371526023494293,3463,141,0.03912319644839068,0.42377564818625435,46.595448633652225,True,False,3604,7467,2334,9.237818481743188,2.887514173883568,0.32553518200704545,0.6069383630852139,13.696516460610532,7.346212152750911
case_126,5678,E2,soft_union_p0p5,medium_1to10ml,0.4882810115814209,0.4882810115814209,5.188999176025391,0.0012371526023494293,3463,141,0.03912319644839068,0.4150336187575427,46.37361999618568,True,False,3611,7852,2327,9.71412223364772,2.8788541056671217,0.31501352176568087,0.6081172111822163,14.181480280731508,7.346212152750911
case_129,5678,E0,hard_union,large_ge10ml,0.48828125,0.48828125,5.431884765625,0.001295062247663736,7649,197,0.02510833545755799,0.49579778830963667,25.886105164160156,True,False,7846,12439,3519,16.10927929868921,4.557324049528686,0.38678826719250675,0.6903651561812583,26.270337693858885,14.718382444698358
case_129,5678,E0,soft_union_p0p5,large_ge10ml,0.48828125,0.48828125,5.431884765625,0.001295062247663736,7649,197,0.02510833545755799,0.492408081315096,25.886969463217074,True,False,7848,12663,3517,16.399373242165886,4.554733925033359,0.3826239578762615,0.6905411350637923,26.563021761830885,14.718382444698358
case_129,5678,E2,hard_union,large_ge10ml,0.48828125,0.48828125,5.431884765625,0.001295062247663736,7226,386,0.050709406200735684,0.49719137818419334,22.990734704533395,True,False,7612,11643,3753,15.078409749548877,4.860368615482001,0.39532588937938196,0.669775626924769,24.936423578765236,14.718382444698358
case_129,5678,E2,soft_union_p0p5,large_ge10ml,0.48828125,0.48828125,5.431884765625,0.001295062247663736,7226,386,0.050709406200735684,0.4895051030233006,24.10483860891579,True,False,7626,12167,3739,15.757022367324675,4.842237744014708,0.38528772798464106,0.6710074791025077,25.633167068008326,14.718382444698358
case_133,5678,E0,hard_union,large_ge10ml,0.48828125,0.48828125,5.0,0.0011920928955078125,23151,1734,0.0696805304400241,0.6980854197349042,11.176522548362698,True,False,24885,6286,15239,7.493495941162109,18.166303634643555,0.7983381989669885,0.6202023726448012,37.15872764587402,47.83153533935547
case_133,5678,E0,soft_union_p0p5,large_ge10ml,0.48828125,0.48828125,5.0,0.0011920928955078125,23151,1734,0.0696805304400241,0.7012037773221186,11.790912158724781,True,False,25135,6432,14989,7.66754150390625,17.8682804107666,0.7962429119016695,0.6264330575216828,37.63079643249512,47.83153533935547
case_133,5678,E2,hard_union,large_ge10ml,0.48828125,0.48828125,5.0,0.0011920928955078125,21306,3095,0.126839063972788,0.6921778597262606,12.633473187346013,True,False,24401,5980,15723,7.128715515136719,18.743276596069336,0.8031664527171587,0.6081397667231582,36.21697425842285,47.83153533935547
case_133,5678,E2,soft_union_p0p5,large_ge10ml,0.48828125,0.48828125,5.0,0.0011920928955078125,21306,3095,0.126839063972788,0.6985948048653295,12.529482486570855,True,False,24783,6044,15341,7.205009460449219,18.28789710998535,0.803938106205599,0.6176602532150334,36.748647689819336,47.83153533935547
case_135,5678,E0,hard_union,small_lt1ml,0.48828125,0.48828125,5.32080078125,0.0012685777619481082,105,0,0.0,0.18783542039355994,132.11053404536995,True,False,105,893,15,1.1328399414196606,0.019028666429221623,0.10521042084168336,0.875,1.266040606424212,0.15222933143377299
case_135,5678,E0,soft_union_p0p5,small_lt1ml,0.48828125,0.48828125,5.32080078125,0.0012685777619481082,105,0,0.0,0.1876675603217158,132.10990242495697,True,False,105,894,15,1.1341085191816087,0.019028666429221623,0.10510510510510511,0.875,1.2673091841861601,0.15222933143377299
case_135,5678,E2,hard_union,small_lt1ml,0.48828125,0.48828125,5.32080078125,0.0012685777619481082,104,0,0.0,0.28222523744911804,73.34058767929689,True,False,104,513,16,0.6507803918793795,0.020297244191169732,0.1685575364667747,0.8666666666666667,0.7827124791219828,0.15222933143377299
case_135,5678,E2,soft_union_p0p5,small_lt1ml,0.48828125,0.48828125,5.32080078125,0.0012685777619481082,104,0,0.0,0.2810810810810811,73.34010005965202,True,False,104,516,16,0.6545861251652239,0.020297244191169732,0.16774193548387098,0.8666666666666667,0.7865182124078272,0.15222933143377299
case_137,5678,E0,hard_union,large_ge10ml,0.3984380066394806,0.3984380066394806,5.142000198364258,0.0008163071611742521,12002,0,0.0,0.9283007193131719,0.8909344676653912,True,False,12002,560,1294,0.45713201025758116,1.056301466559482,0.9554211112880114,0.9026774969915764,10.254450558670955,10.853620014972856
case_137,5678,E0,soft_union_p0p5,large_ge10ml,0.3984380066394806,0.3984380066394806,5.142000198364258,0.0008163071611742521,12002,0,0.0,0.927773698651312,0.8909344676653912,True,False,12004,577,1292,0.47100923199754346,1.0546688522371337,0.9541371910023051,0.9028279181708785,10.269960394733266,10.853620014972856
case_137,5678,E2,hard_union,large_ge10ml,0.3984380066394806,0.3984380066394806,5.142000198364258,0.0008163071611742521,12570,0,0.0,0.9362779784737999,0.7968760132789612,True,False,12570,985,726,0.8040625537566383,0.592638999012507,0.9273330874216157,0.9453971119133574,11.065043569716988,10.853620014972856
case_137,5678,E2,soft_union_p0p5,large_ge10ml,0.3984380066394806,0.3984380066394806,5.142000198364258,0.0008163071611742521,12570,0,0.0,0.9343689609038204,0.8909344676653912,True,False,12571,1041,725,0.8497757547823964,0.5918226918513327,0.9235233617396414,0.9454723225030084,11.11157307790392,10.853620014972856
case_138,5678,E0,hard_union,large_ge10ml,0.4947509765625,0.4947509765625,5.0,0.001223892644047737,43027,207,0.00478789841328584,0.924910148896115,6.376976230456801,True,False,43234,853,6167,1.0439804253727198,7.547745935842395,0.980651892848232,0.8751644703548511,53.957754998132586,60.46152050860226
case_138,5678,E0,soft_union_p0p5,large_ge10ml,0.4947509765625,0.4947509765625,5.0,0.001223892644047737,43027,207,0.00478789841328584,0.9251416960752861,6.376976230456801,True,False,43255,854,6146,1.0452043180167674,7.522044190317392,0.9806388718855562,0.8755895629643125,53.98468063630163,60.46152050860226
case_138,5678,E2,hard_union,large_ge10ml,0.4947509765625,0.4947509765625,5.0,0.001223892644047737,43445,9,0.0002071155704883325,0.9239339591550344,10.946554747205777,True,False,43454,1208,5947,1.4784623140096664,7.278489554151893,0.9729523980117326,0.8796178215015891,54.661493268460035,60.46152050860226
case_138,5678,E2,soft_union_p0p5,large_ge10ml,0.4947509765625,0.4947509765625,5.0,0.001223892644047737,43445,9,0.0002071155704883325,0.9238730792935625,7.4563607813190895,True,False,43471,1234,5930,1.5102835227549076,7.257683379203081,0.9723968236215188,0.8799619440902006,54.71412065215409,60.46152050860226
case_141,5678,E0,hard_union,medium_1to10ml,0.48828125,0.48828125,5.0,0.0011920928955078125,2972,667,0.183292113217917,0.6241852487135506,121.53777427327421,True,False,3639,3062,1320,3.650188446044922,1.5735626220703125,0.5430532756305029,0.7338173018753781,7.988214492797852,5.911588668823242
case_141,5678,E0,soft_union_p0p5,medium_1to10ml,0.48828125,0.48828125,5.0,0.0011920928955078125,2972,667,0.183292113217917,0.6241656683210679,121.53316426142995,True,False,3647,3080,1312,3.6716461181640625,1.56402587890625,0.5421436004162331,0.7354305303488606,8.019208908081055,5.911588668823242
case_141,5678,E2,hard_union,medium_1to10ml,0.48828125,0.48828125,5.0,0.0011920928955078125,3246,962,0.22861216730038023,0.6759839357429719,123.08936982401154,True,False,4208,3283,751,3.9136409759521484,0.8952617645263672,0.5617407555733547,0.848558177051825,8.929967880249023,5.911588668823242
case_141,5678,E2,soft_union_p0p5,medium_1to10ml,0.48828125,0.48828125,5.0,0.0011920928955078125,3246,962,0.22861216730038023,0.6754807692307693,123.1017656862461,True,False,4215,3306,744,3.941059112548828,0.8869171142578125,0.5604307937774232,0.8499697519661222,8.965730667114258,5.911588668823242
case_149,5678,E0,hard_union,large_ge10ml,0.48828125,0.48828125,5.431884765625,0.001295062247663736,73945,740,0.009908281448751423,0.930636810526906,2.489755621871477,True,False,74685,4842,6291,6.27069140318781,8.147236600052562,0.9391150175412124,0.9223103141671607,102.99241536995393,104.86896056681869
case_149,5678,E0,soft_union_p0p5,large_ge10ml,0.48828125,0.48828125,5.431884765625,0.001295062247663736,73945,740,0.009908281448751423,0.930624497854398,2.6294750034836447,True,False,74711,4874,6265,6.312133395113049,8.113564981613305,0.9387573035119683,0.9226313969571232,103.06752898031843,104.86896056681869
case_149,5678,E2,hard_union,large_ge10ml,0.48828125,0.48828125,5.431884765625,0.001295062247663736,74999,215,0.0028585103837051613,0.9294342257289202,2.847144479904932,True,False,75214,5659,5762,7.328757259529081,7.462148671038446,0.9300260902897135,0.9288431140090891,104.73556915530932,104.86896056681869
case_149,5678,E2,soft_union_p0p5,large_ge10ml,0.48828125,0.48828125,5.431884765625,0.001295062247663736,74999,215,0.0028585103837051613,0.9295258088416893,2.9296875,True,False,75273,5711,5703,7.396100496407596,7.385739998426286,0.929479897263657,0.9295717249555424,104.8793210648,104.86896056681869
case_151,5678,E0,hard_union,large_ge10ml,0.4882810115814209,0.4882810115814209,5.0,0.0011920917313548785,8639,144,0.0163953091198907,0.8454134180383097,4.394529104232788,True,False,8783,2411,801,2.874133164296612,0.9548654768152577,0.784616758978024,0.9164232053422371,13.34427484078651,11.425007153305156
case_151,5678,E0,soft_union_p0p5,large_ge10ml,0.4882810115814209,0.4882810115814209,5.0,0.0011920917313548785,8639,144,0.0163953091198907,0.8458323324525583,4.394529104232788,True,False,8803,2428,781,2.894398723729645,0.9310236421881601,0.7838126613836702,0.9185100166944908,13.38838223484664,11.425007153305156
case_151,5678,E2,hard_union,large_ge10ml,0.4882810115814209,0.4882810115814209,5.0,0.0011920917313548785,8331,560,0.06298504105274998,0.7712526023594726,49.72135975901124,True,False,8891,4581,693,5.460972221336698,0.8261195698289308,0.6599614014251781,0.9276919866444073,16.059859804812923,11.425007153305156
case_151,5678,E2,soft_union_p0p5,large_ge10ml,0.4882810115814209,0.4882810115814209,5.0,0.0011920917313548785,8331,560,0.06298504105274998,0.7681759379042691,50.004646752178864,True,False,8907,4699,677,5.601639045636574,0.8070461021272527,0.6546376598559459,0.9293614357262103,16.219600096814478,11.425007153305156
case_156,5678,E0,hard_union,large_ge10ml,0.4882810115814209,0.4882810115814209,5.121000289916992,0.0012209404203751973,14893,501,0.03254514746004937,0.4421466833254348,24.030144829938617,True,False,15394,2870,35975,3.5040990064768165,43.92333162299772,0.8428602715724923,0.2996749012050069,22.299255837732606,62.71848845425351
case_156,5678,E0,soft_union_p0p5,large_ge10ml,0.4882810115814209,0.4882810115814209,5.121000289916992,0.0012209404203751973,14893,501,0.03254514746004937,0.4425845906487317,23.988507119121266,True,False,15415,2875,35954,3.5102037085786923,43.897691874169844,0.8428102788408967,0.3000837080729623,22.33100028866236,62.71848845425351
case_156,5678,E2,hard_union,large_ge10ml,0.4882810115814209,0.4882810115814209,5.121000289916992,0.0012209404203751973,15269,442,0.02813315511425116,0.4476578527467518,23.452713078163548,True,False,15711,3112,35658,3.799566588207614,43.53629350973878,0.8346703501035967,0.305845938211762,22.981761532722338,62.71848845425351
case_156,5678,E2,soft_union_p0p5,large_ge10ml,0.4882810115814209,0.4882810115814209,5.121000289916992,0.0012209404203751973,15269,442,0.02813315511425116,0.44966929805845957,23.47814338014179,True,False,15807,3129,35562,3.8203225753539924,43.419083229382764,0.8347591888466414,0.30771476960812943,23.119727800224737,62.71848845425351
case_159,5678,E0,hard_union,medium_1to10ml,0.48828125,0.48828125,5.431884765625,0.001295062247663736,78,788,0.9099307159353349,0.4686147186147186,101.70859114647351,True,False,866,1093,871,1.4155030366964634,1.127999217715114,0.44206227667177134,0.4985607369027058,2.5370269431732586,2.249523124191909
case_159,5678,E0,soft_union_p0p5,medium_1to10ml,0.48828125,0.48828125,5.431884765625,0.001295062247663736,78,788,0.9099307159353349,0.47680343255564495,101.71075943346288,True,False,889,1103,848,1.4284536591731007,1.098212786018848,0.446285140562249,0.5118019573978123,2.579763997346162,2.249523124191909
case_159,5678,E2,hard_union,medium_1to10ml,0.48828125,0.48828125,5.431884765625,0.001295062247663736,646,85,0.11627906976744186,0.5074626865671642,116.15277286290386,True,False,731,413,1006,0.5348607082851229,1.3028326211497183,0.638986013986014,0.4208405296488198,1.481551211327314,2.249523124191909
case_159,5678,E2,soft_union_p0p5,medium_1to10ml,0.48828125,0.48828125,5.431884765625,0.001295062247663736,646,85,0.11627906976744186,0.5438655462184874,116.07495728346188,True,False,809,429,928,0.5555817042477427,1.2018177658319469,0.6534733441033925,0.4657455382843984,1.6032870626077051,2.249523124191909
case_166,5678,E0,hard_union,medium_1to10ml,0.4882810115814209,0.4882810115814209,2.571000099182129,0.0006129735919095177,11088,148,0.013171947312210752,0.8297762351377299,2.7502208811436253,True,False,11236,2217,2393,1.3589624532634006,1.4668458054394757,0.8352040437077232,0.8244185193337735,8.24633373195874,8.354217084134817
case_166,5678,E0,soft_union_p0p5,medium_1to10ml,0.4882810115814209,0.4882810115814209,2.571000099182129,0.0006129735919095177,11088,148,0.013171947312210752,0.828078962875663,2.7502208811436253,True,False,11242,2281,2387,1.3981927631456097,1.4631679638880186,0.8313244102639947,0.8248587570621468,8.289241883392407,8.354217084134817
case_166,5678,E2,hard_union,medium_1to10ml,0.4882810115814209,0.4882810115814209,2.571000099182129,0.0006129735919095177,11039,41,0.003700361010830325,0.8348088152194387,3.9366473689693646,True,False,11080,1836,2549,1.1254195147458743,1.5624696857773606,0.8578507277794983,0.8129723383960672,7.91716691310333,8.354217084134817
case_166,5678,E2,soft_union_p0p5,medium_1to10ml,0.4882810115814209,0.4882810115814209,2.571000099182129,0.0006129735919095177,11039,41,0.003700361010830325,0.8347393793311239,4.018305035812182,True,False,11082,1841,2547,1.128484382705422,1.5612437385935414,0.8575408186953494,0.8131190843055249,7.921457728246697,8.354217084134817
case_171,5678,E0,hard_union,medium_1to10ml,0.4882810115814209,0.4882810115814209,2.7939987182617188,0.0006661405538911845,958,0,0.0,0.28890229191797345,107.42511817303472,True,False,958,450,4266,0.29976324925103304,2.8417556028997932,0.6803977272727273,0.1833843797856049,0.9379258998787878,3.479918253527548
case_171,5678,E0,soft_union_p0p5,medium_1to10ml,0.4882810115814209,0.4882810115814209,2.7939987182617188,0.0006661405538911845,958,0,0.0,0.2896323086196504,107.42067952847489,True,False,961,451,4263,0.30042938980492423,2.8397571812381197,0.6805949008498584,0.18395865237366002,0.9405904620943525,3.479918253527548
case_171,5678,E2,hard_union,medium_1to10ml,0.4882810115814209,0.4882810115814209,2.7939987182617188,0.0006661405538911845,291,411,0.5854700854700855,0.21639950678175093,72.178965278741,True,False,702,562,4522,0.3743709912868457,3.0122875846959363,0.555379746835443,0.13437978560490046,0.8420016601184572,3.479918253527548
case_171,5678,E2,soft_union_p0p5,medium_1to10ml,0.4882810115814209,0.4882810115814209,2.7939987182617188,0.0006661405538911845,291,411,0.5854700854700855,0.22058823529411764,72.34105558190633,True,False,720,584,4504,0.38902608347245177,3.000297054725895,0.5521472392638037,0.13782542113323124,0.8686472822741046,3.479918253527548
case_176,5678,E0,hard_union,large_ge10ml,0.4882810115814209,0.4882810115814209,5.042999267578125,0.0012023435456217184,31862,539,0.016635289034289066,0.8948204200555103,2.071600886483099,True,False,32401,5134,2483,6.172831763221902,2.985419023778727,0.8632209937391768,0.9288212360967779,45.1299649849112,41.94255224546802
case_176,5678,E0,soft_union_p0p5,large_ge10ml,0.4882810115814209,0.4882810115814209,5.042999267578125,0.0012023435456217184,31862,539,0.016635289034289066,0.8945973552715126,2.071600886483099,True,False,32405,5157,2479,6.200485664771202,2.9806096495962398,0.8627069911080347,0.9289359018461185,45.16242826064299,41.94255224546802
case_176,5678,E2,hard_union,large_ge10ml,0.4882810115814209,0.4882810115814209,5.042999267578125,0.0012023435456217184,32803,187,0.005668384358896636,0.8964795717333116,2.629473719560303,True,False,32990,5725,1894,6.883416798684338,2.277238675407535,0.8521244995479789,0.9457057676871918,46.54873036874483,41.94255224546802
case_176,5678,E2,soft_union_p0p5,large_ge10ml,0.4882810115814209,0.4882810115814209,5.042999267578125,0.0012023435456217184,32803,187,0.005668384358896636,0.8962276961516525,2.762134515310799,True,False,33000,5758,1884,6.923094135689855,2.2652152399513175,0.8514371226585479,0.9459924320605435,46.60043114120656,41.94255224546802
